id,path,transcription
38b6952a-05cf-4e82-84ce-55dc4aed9036,13c1892d-14d0-46a8-9a8d-0cc48bc645f2_002.wav
58e4d769-d4a1-41cc-a14d-cba017b81e03,8bbfa9a3-bc15-4cf9-b362-03ef2e8ad5ad_016.wav
bfdf249c-9fc9-4c75-a36d-8a71631a8ae7,8bbfa9a3-bc15-4cf9-b362-03ef2e8ad5ad_002.wav
2dfaa2c0-501a-44fa-85d2-fc0b63c7e17c,13c1892d-14d0-46a8-9a8d-0cc48bc645f2_016.wav
b9f63a03-9f93-4b90-8a02-9fc63e48c778,0e896474-c6f5-4ad5-a788-00d8fc96fe4c_002.wav
176fe5f8-be04-486a-8a79-f3e0cdfc91f0,b3b3e1b2-bd36-40d1-ac21-3c8c140d9e67_000.wav
6d1dc5c2-0a32-4edf-8791-efc0f55935f0,7ba8e381-84d4-4c27-905e-9732eda463a5_005.wav
9a603209-0400-4fc1-bc86-7d1eb479061b,7ba8e381-84d4-4c27-905e-9732eda463a5_011.wav
47dac611-f78c-4762-880a-dfeda323723c,d2de73c0-d350-4bcf-8a6d-acb673766dda_010.wav
89683a3a-c654-46a5-bd32-d009b82c54ca,52d4ef64-64bf-421c-b642-9fad120bca8b_000.wav
bc8be154-30ba-4a4d-a74c-c3c471de4897,d2de73c0-d350-4bcf-8a6d-acb673766dda_004.wav
f2c39ade-f594-44a0-8101-38c150a2500c,d74d6ffd-60df-49ca-8390-c342c215b100_001.wav
6d0e58df-4084-47e6-a290-afe1f9f6d2d2,dede4efd-a8c8-4085-978f-17557d321423_002.wav
628659fa-298d-470a-afb1-9e1cc6ccee3e,1a1293a2-cde3-4a88-a0b9-5fecd6d7f3f3_002.wav
efcad88f-ba0a-45fd-8358-5951175a4e06,935ded14-29bd-4ce2-bada-91ce7983305d_013.wav
05a0cbcb-ba5c-4476-9d01-ddf912156f70,935ded14-29bd-4ce2-bada-91ce7983305d_007.wav
2be3658f-9099-4031-a255-6dce268da925,d033299f-1579-49cd-977f-3e8bf8e2a336_019.wav
3115c63d-c819-49ad-a630-1e0e895c9526,f4deae44-6b88-4c28-b27d-fcac021f99ca_012.wav
a36bbebb-a414-49a9-9df4-34377f7166b1,6a7f5ca4-eee8-4dab-bbc3-b4584b8901af_003.wav
9163afb6-7378-48f4-8314-5f7fc2f18498,f0c87b3d-51c9-48f8-81d8-081a62f8e8c0_003.wav
03539a2e-2eb7-450c-a274-d092e4e83539,f4deae44-6b88-4c28-b27d-fcac021f99ca_006.wav
ab915935-5944-4074-8e5a-b23fd2fa2da5,d033299f-1579-49cd-977f-3e8bf8e2a336_025.wav
0f9f18fb-2c5f-4adb-9648-06f705f658b5,8c6ce126-5417-4950-8ea2-1d19b9b48b8d_002.wav
f2d0b142-99c5-407e-bbb4-285979b52ae1,72162576-86e3-4778-937f-cf7f8e352659_011.wav
5c02249a-d800-418e-bacf-454376eecda8,d50ceadb-8356-4c0c-b47f-f52c02672d2f_006.wav
303032f8-15cb-48aa-b744-bc1bbeb2b325,72162576-86e3-4778-937f-cf7f8e352659_005.wav
379577ff-be81-43c2-97a2-2ff91845dcbb,5ee9d740-c807-4ccc-aa0e-92983d7f0161_001.wav
65892d34-6e9d-409e-a834-b20c22c957b0,8c6ce126-5417-4950-8ea2-1d19b9b48b8d_016.wav
eb428090-c830-4a37-bb16-14256a558144,0a32fb2c-ed59-4b74-9dea-eee0d4974eaf_003.wav
be548325-36cc-44f6-87bc-5eaa5cb7a656,bda6d1ef-e1a3-436a-9d0e-00f52e37f46a_016.wav
97459dd1-a85f-4901-bf0e-84d50acba67e,6a3e310f-8af2-4a0a-a995-82847f3c767a_019.wav
62b097d2-481f-44e5-adaa-0226693abfee,8ad721d0-f7e1-4724-9de1-751c2622dcc2_001.wav
77c65bf0-5858-40aa-850d-4bd32643c0b7,bda6d1ef-e1a3-436a-9d0e-00f52e37f46a_002.wav
6d7688ea-1ef6-43db-87cd-d58215dfc7d5,11afa18d-678a-47f9-8990-7ed8e1d53be4_010.wav
fa1c9229-59a4-4b32-920c-54f30236fd81,f4c10be5-1029-4829-81ff-ff838e875cc2_007.wav
810d5a76-75fc-4bd4-b6c2-70eac2de8d9b,67b093dc-4b2d-4776-94ae-cc338a9b64b9_005.wav
7ce1a538-1de5-4066-ab4e-415a5d011d3e,11afa18d-678a-47f9-8990-7ed8e1d53be4_004.wav
47db36ce-1fe7-4c96-8a46-04a4d40a3f9e,c2f7aad0-0bb9-4433-9a54-55532ad8fdec_008.wav
8a32792e-97ce-4955-882b-7008ef450b90,05ebd845-60ca-4846-8ae1-bfd09384d6ef_001.wav
0a180c2d-23b2-403a-8efe-df46202f2cd2,f4c2efd5-59fd-473c-ab56-a43b614db3fa_002.wav
206c81ed-94ba-452b-b791-3cd85bed96f5,f4c2efd5-59fd-473c-ab56-a43b614db3fa_003.wav
db10ca3d-7f7b-48ac-8b42-ffc0a9acd743,05ebd845-60ca-4846-8ae1-bfd09384d6ef_000.wav
5b07ad33-2ca7-4a53-a9c7-bdf245494a52,11afa18d-678a-47f9-8990-7ed8e1d53be4_005.wav
306f8229-8aa7-4d79-b45e-19290ccdfed5,67b093dc-4b2d-4776-94ae-cc338a9b64b9_004.wav
e93077c9-8006-4648-a0d2-65c6db3e0f11,c2f7aad0-0bb9-4433-9a54-55532ad8fdec_009.wav
ef7b21c1-0ee0-4fda-a329-27029d10bb0a,f4c10be5-1029-4829-81ff-ff838e875cc2_006.wav
d967562a-75ee-4406-bee6-2b320949baaf,11afa18d-678a-47f9-8990-7ed8e1d53be4_011.wav
42abf22c-f249-4b3e-8ae5-951d4ed476ee,bda6d1ef-e1a3-436a-9d0e-00f52e37f46a_003.wav
fd628480-21d7-418e-a6f0-dc12c0c46722,8ad721d0-f7e1-4724-9de1-751c2622dcc2_000.wav
0b02b0a0-9b09-4ecb-9c6e-4bd58742e7be,bda6d1ef-e1a3-436a-9d0e-00f52e37f46a_017.wav
f0debf8c-1aef-45cc-b5bd-0ddebe08619e,6a3e310f-8af2-4a0a-a995-82847f3c767a_018.wav
719de9e7-5b19-488f-b137-13ac49c325c5,0a32fb2c-ed59-4b74-9dea-eee0d4974eaf_002.wav
033a108f-0ff5-4f7f-81d3-e65273e1f208,72162576-86e3-4778-937f-cf7f8e352659_004.wav
abc07202-07bc-4655-bf67-dac275208cb8,d50ceadb-8356-4c0c-b47f-f52c02672d2f_007.wav
d77bc817-ca16-4f1a-bfd3-3cc9b4335c6e,8c6ce126-5417-4950-8ea2-1d19b9b48b8d_017.wav
3bdda297-9b23-4cec-9aae-c137172ab965,5ee9d740-c807-4ccc-aa0e-92983d7f0161_000.wav
181858e8-f1d5-49b3-b532-da518fdd9e46,8c6ce126-5417-4950-8ea2-1d19b9b48b8d_003.wav
ea72371e-5c23-4059-8a7a-015b075177ec,72162576-86e3-4778-937f-cf7f8e352659_010.wav
c574691d-781b-49b7-9b31-837e2d096f39,f4deae44-6b88-4c28-b27d-fcac021f99ca_007.wav
6ca969f0-0239-4bb6-bd6f-7b74f1581305,d033299f-1579-49cd-977f-3e8bf8e2a336_024.wav
fffdb031-413f-4fb5-b3bf-039567db16fb,f0c87b3d-51c9-48f8-81d8-081a62f8e8c0_002.wav
1b0c5360-13cc-466b-add4-d6718465849d,6a7f5ca4-eee8-4dab-bbc3-b4584b8901af_002.wav
39ab697a-f8f7-4e0f-be53-f4feacb8c81e,f4deae44-6b88-4c28-b27d-fcac021f99ca_013.wav
d30cf31c-c7f4-40f6-9f84-21e92ca2c418,d033299f-1579-49cd-977f-3e8bf8e2a336_018.wav
7ed239e2-75e6-4eb3-8752-899301e6696d,935ded14-29bd-4ce2-bada-91ce7983305d_006.wav
73cb2fd4-95d1-4f5a-b5e4-c2690fa15af0,935ded14-29bd-4ce2-bada-91ce7983305d_012.wav
80765644-a32d-4360-b93a-fbd096d25bdc,1a1293a2-cde3-4a88-a0b9-5fecd6d7f3f3_003.wav
7c6feed5-d48a-45f7-8928-d4110c050ee2,dede4efd-a8c8-4085-978f-17557d321423_003.wav
52a4bd18-e10a-4dce-b348-adb3ea9140bc,d74d6ffd-60df-49ca-8390-c342c215b100_000.wav
4b17f963-0921-4c7b-85ee-6beab865e202,52d4ef64-64bf-421c-b642-9fad120bca8b_001.wav
348f7a09-437a-4362-8a57-87998abd6415,d2de73c0-d350-4bcf-8a6d-acb673766dda_005.wav
4d75087f-1d9e-4c06-a682-6caac9ae7ca5,d2de73c0-d350-4bcf-8a6d-acb673766dda_011.wav
067b189b-80a7-49dc-9f04-3e67bef75c54,7ba8e381-84d4-4c27-905e-9732eda463a5_010.wav
fa1194bf-8039-48e3-8b3c-1c0aed06795f,7ba8e381-84d4-4c27-905e-9732eda463a5_004.wav
2049b591-e19f-414e-8ff2-368198278f94,b3b3e1b2-bd36-40d1-ac21-3c8c140d9e67_001.wav
f74c16b1-c75c-4c5b-8986-7054860e64a9,0e896474-c6f5-4ad5-a788-00d8fc96fe4c_003.wav
f2cd0935-a7bb-4f4c-baae-fb4a8b63e732,8bbfa9a3-bc15-4cf9-b362-03ef2e8ad5ad_003.wav
99037813-f867-4ef9-8e10-463aacedbca3,13c1892d-14d0-46a8-9a8d-0cc48bc645f2_017.wav
bf193e58-905d-4ff5-a89f-08cf1952a5e9,b4b3ae3d-4587-4de0-a1a3-5cb2016d77dd.wav
57c6fd01-ce81-420f-b5d4-084ac49b7578,13c1892d-14d0-46a8-9a8d-0cc48bc645f2_003.wav
869c1932-c93f-40ba-9442-bc3614c81fd9,8bbfa9a3-bc15-4cf9-b362-03ef2e8ad5ad_017.wav
d47a530f-1d5b-40a9-a40e-363dcd30a6ac,8bbfa9a3-bc15-4cf9-b362-03ef2e8ad5ad_029.wav
1d756325-c870-496e-9277-13795599cef9,62c203a3-5d1d-4b15-ad3a-6dbbb64bc69f_008.wav
317d1f3d-ceeb-45e2-8a2e-36efe8a2da95,13c1892d-14d0-46a8-9a8d-0cc48bc645f2_015.wav
0ba796bc-26fd-4c99-8aa2-6f082ff144a9,8bbfa9a3-bc15-4cf9-b362-03ef2e8ad5ad_001.wav
acb2cd99-0e38-46bf-8e0b-f6b8e0d6effd,f45da22e-fd72-4bbe-aa03-0510836a7459_009.wav
c7742bd5-9770-4bbd-9aab-a3ed7605a0d3,8bbfa9a3-bc15-4cf9-b362-03ef2e8ad5ad_015.wav
cf509b00-75a7-4825-a758-daef412b2a2c,13c1892d-14d0-46a8-9a8d-0cc48bc645f2_001.wav
675e75b3-633b-4b4c-8556-8dd6ca929ba4,0e896474-c6f5-4ad5-a788-00d8fc96fe4c_015.wav
ac7e22aa-ecbe-42df-b283-80a2f0a34573,b3b3e1b2-bd36-40d1-ac21-3c8c140d9e67_003.wav
090758a7-8d92-48c3-a1ec-ce6ad7c9e9fc,0e896474-c6f5-4ad5-a788-00d8fc96fe4c_001.wav
d7f2e71f-af0f-4b29-a394-6c9a79289cb8,7ba8e381-84d4-4c27-905e-9732eda463a5_012.wav
6316ce80-f731-433e-9472-839c0e572178,7ba8e381-84d4-4c27-905e-9732eda463a5_006.wav
620427ce-bed7-4c26-bf2d-dfb1953623a8,e3629402-541e-4baa-bb77-cc1beee613e1_009.wav
6236e2f7-4f64-48f8-9c74-0927f6ce00af,d2de73c0-d350-4bcf-8a6d-acb673766dda_007.wav
9e8705b5-5952-4ed7-85fd-058f53e4786e,dede4efd-a8c8-4085-978f-17557d321423_001.wav
8eebfc73-f033-437f-84a7-0a1ace9bd23e,d74d6ffd-60df-49ca-8390-c342c215b100_002.wav
d6130425-1486-4172-99bd-3c9192c0d10b,1a1293a2-cde3-4a88-a0b9-5fecd6d7f3f3_015.wav
476a74aa-c40f-4566-9a8e-b17c2b0ec6c3,6cd24d74-3804-4502-b453-6ea9e1e76547_009.wav
c7b0afe9-cfc6-49f4-a038-866ead2f57ed,1a1293a2-cde3-4a88-a0b9-5fecd6d7f3f3_001.wav
26b1d3ba-4154-4574-974a-5fc48b3bd2c9,935ded14-29bd-4ce2-bada-91ce7983305d_004.wav
41ddc20f-c7b5-46ca-9141-b5cf3381d1f1,935ded14-29bd-4ce2-bada-91ce7983305d_010.wav
87d2b4a3-2ee0-4aa5-9b6a-aed0f94a5e25,d033299f-1579-49cd-977f-3e8bf8e2a336_026.wav
40cefd3e-40b4-466d-b48f-2b60b833e184,f4deae44-6b88-4c28-b27d-fcac021f99ca_005.wav
262d018e-5f1a-4b34-892b-a0e29aec800b,f4deae44-6b88-4c28-b27d-fcac021f99ca_011.wav
af3df051-7738-4b3a-8454-9306faa91e9f,6a7f5ca4-eee8-4dab-bbc3-b4584b8901af_000.wav
8a04927b-c8d7-4a45-be05-f4138e230077,f0c87b3d-51c9-48f8-81d8-081a62f8e8c0_000.wav
7da4a295-e567-43eb-be8f-5ffbea40ffb8,8c6ce126-5417-4950-8ea2-1d19b9b48b8d_015.wav
c8c0c845-e5b3-4776-aaac-0339eeaa209a,72162576-86e3-4778-937f-cf7f8e352659_006.wav
63535425-6a3b-4c0b-8219-1b5ecd79966c,d50ceadb-8356-4c0c-b47f-f52c02672d2f_005.wav
eaaff520-c8d3-4857-8051-1cb7ff80b317,72162576-86e3-4778-937f-cf7f8e352659_012.wav
ecb69f15-b00b-48c4-9406-3b429b198fbc,8c6ce126-5417-4950-8ea2-1d19b9b48b8d_001.wav
6cacfcb4-cd01-4d64-bfcf-7b3e68775459,2c856450-0d6e-4372-8221-f37a8a2bf5a9_019.wav
6b7f4f8d-61fa-4718-b39e-227b56764600,0a32fb2c-ed59-4b74-9dea-eee0d4974eaf_000.wav
f7a83496-146d-4dc6-a509-a92da6592a9d,bda6d1ef-e1a3-436a-9d0e-00f52e37f46a_001.wav
8482da29-b677-4a1e-981e-cb76c59a0d36,8ad721d0-f7e1-4724-9de1-751c2622dcc2_002.wav
cb540aad-70b9-4a13-ac64-f4bbd7189823,bda6d1ef-e1a3-436a-9d0e-00f52e37f46a_015.wav
75854e2b-10cb-4918-9f2d-e5603baf276e,67b093dc-4b2d-4776-94ae-cc338a9b64b9_006.wav
39554595-0f49-439b-a444-92e04d9ca2fa,11afa18d-678a-47f9-8990-7ed8e1d53be4_007.wav
3086d682-7fdc-4a56-a92f-4c5d6479689b,11afa18d-678a-47f9-8990-7ed8e1d53be4_013.wav
9a14413a-65a0-445f-951d-ca9c2836ac91,f4c10be5-1029-4829-81ff-ff838e875cc2_004.wav
d6490104-ad49-4662-82f7-a6130beb9e1f,f4c2efd5-59fd-473c-ab56-a43b614db3fa_001.wav
7ff9a2cc-7538-48f9-92f4-2aabaead8491,5fa9639d-bbef-4399-ad86-ab375259e4e4_009.wav
cc112699-2e98-404f-8681-69c55185323d,05ebd845-60ca-4846-8ae1-bfd09384d6ef_002.wav
7b4c8661-45cf-496f-a06e-33e3b88d0e24,05ebd845-60ca-4846-8ae1-bfd09384d6ef_003.wav
0f026705-39fb-4bea-88c2-8d6526e5a14a,5fa9639d-bbef-4399-ad86-ab375259e4e4_008.wav
cf349399-b615-4a7c-87fb-35429d15e3c0,f4c2efd5-59fd-473c-ab56-a43b614db3fa_000.wav
edb6d22c-29bf-4b6c-9ae3-68df26da67b0,f4c10be5-1029-4829-81ff-ff838e875cc2_005.wav
8aa2cae2-9533-4249-b392-93b8418c5487,11afa18d-678a-47f9-8990-7ed8e1d53be4_012.wav
48696a98-f228-4213-ba3f-ff6fc9005ccd,11afa18d-678a-47f9-8990-7ed8e1d53be4_006.wav
58f06db9-efca-4bc7-bf46-292d24056906,67b093dc-4b2d-4776-94ae-cc338a9b64b9_007.wav
0d84b4e5-fc29-45cf-84c6-577468e21a79,bda6d1ef-e1a3-436a-9d0e-00f52e37f46a_014.wav
44a3a292-8ed8-4a99-b8c4-4b25ef72ed24,8ad721d0-f7e1-4724-9de1-751c2622dcc2_003.wav
b8324df2-4620-4182-bca2-b5ef07903738,bda6d1ef-e1a3-436a-9d0e-00f52e37f46a_000.wav
62210b4f-80d1-47f3-a873-eca092f84d35,0a32fb2c-ed59-4b74-9dea-eee0d4974eaf_001.wav
869cc8de-97f8-45c3-9f3c-8e3cc691755f,d50ceadb-8356-4c0c-b47f-f52c02672d2f_010.wav
1fe988c9-eb6d-47cc-bcc7-77b564d5d78d,72162576-86e3-4778-937f-cf7f8e352659_013.wav
83a2020b-1db9-4f79-9ac9-713783b031f6,2c856450-0d6e-4372-8221-f37a8a2bf5a9_018.wav
00474fe5-d017-4269-9ce7-a629f6a5af31,8c6ce126-5417-4950-8ea2-1d19b9b48b8d_000.wav
7a6e0811-7879-44fa-b387-26c68b05a1db,8c6ce126-5417-4950-8ea2-1d19b9b48b8d_014.wav
870ab843-d724-4597-812d-db6a73d2aa55,d50ceadb-8356-4c0c-b47f-f52c02672d2f_004.wav
de6c3f19-7f36-400e-b524-a5b1e10addde,72162576-86e3-4778-937f-cf7f8e352659_007.wav
c54209de-a743-4961-b2d1-08fbc7d6350e,f0c87b3d-51c9-48f8-81d8-081a62f8e8c0_001.wav
06a15ef0-8cb7-43b9-9785-675814f4f290,6a7f5ca4-eee8-4dab-bbc3-b4584b8901af_001.wav
f1e14fd3-b336-4c8c-bc1c-35652fde286e,f4deae44-6b88-4c28-b27d-fcac021f99ca_010.wav
3b5dd9e1-f4e6-4a5e-857a-b2122f47d965,d033299f-1579-49cd-977f-3e8bf8e2a336_027.wav
2fa542f0-ccea-4568-af2c-5c053ff3dfe4,f4deae44-6b88-4c28-b27d-fcac021f99ca_004.wav
04539984-5830-45fc-846a-d0876973fb2f,935ded14-29bd-4ce2-bada-91ce7983305d_011.wav
c1246226-e784-488d-9058-f031b8b921b3,935ded14-29bd-4ce2-bada-91ce7983305d_005.wav
a12dee67-262f-4a1d-bcee-a476ebf6777b,1a1293a2-cde3-4a88-a0b9-5fecd6d7f3f3_000.wav
63c46875-4864-47df-9eae-0d8f0a1c4c5d,1a1293a2-cde3-4a88-a0b9-5fecd6d7f3f3_014.wav
403e9752-61c0-49bb-8d48-03f70babf8ff,6cd24d74-3804-4502-b453-6ea9e1e76547_008.wav
594004c9-3b0f-4504-8aa4-9fdb242b6e1f,d74d6ffd-60df-49ca-8390-c342c215b100_003.wav
3754e6b1-afbb-4630-94ef-69f4c0f7fcbf,6cd24d74-3804-4502-b453-6ea9e1e76547_020.wav
8a2c0aab-badb-4d59-90c0-34881ea54f00,dede4efd-a8c8-4085-978f-17557d321423_000.wav
3e8bb31b-9708-4fd5-a3bc-866d30a0c4a8,d2de73c0-d350-4bcf-8a6d-acb673766dda_012.wav
9255aeab-fea6-4328-bbf3-05deddd98119,d2de73c0-d350-4bcf-8a6d-acb673766dda_006.wav
ae3403bb-a7eb-46cc-b20f-9fe808a6c484,52d4ef64-64bf-421c-b642-9fad120bca8b_002.wav
ada98011-bbaa-4497-8306-6553febdac94,e3629402-541e-4baa-bb77-cc1beee613e1_008.wav
40bcbf2f-f55f-43e3-ab99-ddb3e3fa220d,7ba8e381-84d4-4c27-905e-9732eda463a5_007.wav
8d9cb6d5-934f-41f3-bf51-eda32afaf2ac,7ba8e381-84d4-4c27-905e-9732eda463a5_013.wav
0cdd51c0-2f26-416d-a1b9-e7357a1f84ea,0e896474-c6f5-4ad5-a788-00d8fc96fe4c_000.wav
8c7cfb33-05d8-4145-8eca-8ed26f58f097,0e896474-c6f5-4ad5-a788-00d8fc96fe4c_014.wav
f45e154a-78e0-4ebb-9c8a-ac81e99f06dc,b3b3e1b2-bd36-40d1-ac21-3c8c140d9e67_002.wav
9556e331-3718-42b5-8546-2b22bca8d5b6,8bbfa9a3-bc15-4cf9-b362-03ef2e8ad5ad_014.wav
cbe6d68c-cd54-4fcd-9cd4-623885c679e1,13c1892d-14d0-46a8-9a8d-0cc48bc645f2_000.wav
691e3902-a32e-4f6a-8fad-00cb7f3b5b11,13c1892d-14d0-46a8-9a8d-0cc48bc645f2_014.wav
6c7bc590-a159-4948-80eb-f5663a883e83,f45da22e-fd72-4bbe-aa03-0510836a7459_008.wav
2cda3218-64e7-4018-88a6-af3d081e0898,8bbfa9a3-bc15-4cf9-b362-03ef2e8ad5ad_000.wav
c94937a6-ad00-4a18-9dd8-7136da79e163,8bbfa9a3-bc15-4cf9-b362-03ef2e8ad5ad_028.wav
be1b1af8-9938-48ee-9485-916abda416fb,62c203a3-5d1d-4b15-ad3a-6dbbb64bc69f_009.wav
6c907f43-5a0d-49a0-9cae-941175658314,8bbfa9a3-bc15-4cf9-b362-03ef2e8ad5ad_004.wav
86d22465-7b07-4fcd-8173-cc9294845382,13c1892d-14d0-46a8-9a8d-0cc48bc645f2_010.wav
adebd8c3-51a0-4605-89a5-1668785aba08,13c1892d-14d0-46a8-9a8d-0cc48bc645f2_004.wav
840acc15-4147-4ef0-924f-0d3b3ecf16e9,8bbfa9a3-bc15-4cf9-b362-03ef2e8ad5ad_010.wav
e15b942b-4915-4c44-a200-ea606d593bb8,7fb2138a-01d6-4055-bcb5-4390da95fa33_000.wav
3c70b2c1-1d30-480c-b133-9e3eee77c9ca,7ba8e381-84d4-4c27-905e-9732eda463a5_017.wav
32c6b746-37c6-4034-9a07-18a3160afd1a,7ba8e381-84d4-4c27-905e-9732eda463a5_003.wav
28e287cc-cf18-4e50-8d48-49df56fc07b4,b3b3e1b2-bd36-40d1-ac21-3c8c140d9e67_006.wav
44f494b0-386f-48d9-9d1c-344a8d818d48,0e896474-c6f5-4ad5-a788-00d8fc96fe4c_010.wav
51feac91-48f3-4691-8333-1c429133be71,0e896474-c6f5-4ad5-a788-00d8fc96fe4c_004.wav
87d43bc5-39b7-4c57-9228-60be3322f6eb,d2de73c0-d350-4bcf-8a6d-acb673766dda_002.wav
d1c67efc-13b9-4208-a49d-4f4bd8d1528a,1a1293a2-cde3-4a88-a0b9-5fecd6d7f3f3_010.wav
19d44714-d5dc-4959-ac31-15e476a3482f,1a1293a2-cde3-4a88-a0b9-5fecd6d7f3f3_004.wav
5dcee139-38d9-42c0-b770-ef8774d24b55,6cd24d74-3804-4502-b453-6ea9e1e76547_018.wav
644d0d80-4c33-460d-aa54-873e7dce77d5,dede4efd-a8c8-4085-978f-17557d321423_004.wav
9e2c1cd9-921b-49c2-8d0e-8c0184d1a0cc,f4deae44-6b88-4c28-b27d-fcac021f99ca_000.wav
6e6a4135-454b-4012-960c-545a5daaa6db,d033299f-1579-49cd-977f-3e8bf8e2a336_023.wav
e163f803-e7ac-4a50-9663-b3d4b42bd29f,f4deae44-6b88-4c28-b27d-fcac021f99ca_014.wav
12f85d68-a5bd-4b96-b451-37ee5d846a4a,935ded14-29bd-4ce2-bada-91ce7983305d_001.wav
bba29639-a286-495e-990e-cee70bcb4d0b,935ded14-29bd-4ce2-bada-91ce7983305d_015.wav
23f500a4-6701-45e4-bbfd-a2d0c42af582,f4deae44-6b88-4c28-b27d-fcac021f99ca_028.wav
9a7e2469-ed44-49a7-9de9-8ebd29c6adc5,0a32fb2c-ed59-4b74-9dea-eee0d4974eaf_005.wav
fe8d6bf8-a1f7-4f7f-9be6-1c2472396013,72162576-86e3-4778-937f-cf7f8e352659_003.wav
0b3eea1a-27f3-4cf1-9703-be4599f2c81d,d50ceadb-8356-4c0c-b47f-f52c02672d2f_000.wav
ad2af755-20f9-49eb-9c54-f6856b76ef7c,2c856450-0d6e-4372-8221-f37a8a2bf5a9_008.wav
57ee7293-daee-419a-9e48-73902365a3b8,8c6ce126-5417-4950-8ea2-1d19b9b48b8d_010.wav
86c62091-f896-4d6b-b847-e5f291fd735b,8c6ce126-5417-4950-8ea2-1d19b9b48b8d_004.wav
f8bb042e-c1f6-4096-91ef-776260e0e64d,6a3e310f-8af2-4a0a-a995-82847f3c767a_023.wav
75674dd2-fdbe-47ec-b3de-6266bc22a031,bda6d1ef-e1a3-436a-9d0e-00f52e37f46a_004.wav
5168e98f-7c3c-4df8-a306-461171be6ece,8ad721d0-f7e1-4724-9de1-751c2622dcc2_007.wav
0c049cda-12df-4184-a966-527e0b09cfe2,b860af09-8dfa-4555-8e0e-a4c48f0764b1.wav
bf596297-4f37-41e0-8d73-0d52a63e1249,bda6d1ef-e1a3-436a-9d0e-00f52e37f46a_010.wav
3ceae3aa-3a05-4449-9d7a-f1c3fe2f3f8a,f4c2efd5-59fd-473c-ab56-a43b614db3fa_004.wav
c3b7203d-c47d-4d5c-815f-cc0f56369f24,ace25eba-7e9f-4f8f-a462-43de5e81e105_009.wav
e6fa9923-0367-4db1-9af6-737c90f57fe4,67b093dc-4b2d-4776-94ae-cc338a9b64b9_003.wav
a31a7e5d-f1b2-4345-b0c9-d07497517445,11afa18d-678a-47f9-8990-7ed8e1d53be4_002.wav
a35a1ae4-2d9d-42d9-a5ca-8793eaf80f42,11afa18d-678a-47f9-8990-7ed8e1d53be4_016.wav
00bef636-b101-43b5-b528-ca22411543bd,f4c10be5-1029-4829-81ff-ff838e875cc2_001.wav
669d534e-b042-4027-99cb-9b8abccab4a0,f4c10be5-1029-4829-81ff-ff838e875cc2_000.wav
8a643dff-ad6e-4a16-9900-f238abef03e8,11afa18d-678a-47f9-8990-7ed8e1d53be4_017.wav
7eb25c35-2399-44be-89a6-c7d8e4835f1c,11afa18d-678a-47f9-8990-7ed8e1d53be4_003.wav
dbe4c30a-8e14-4910-9e5f-98c5e4b7d375,67b093dc-4b2d-4776-94ae-cc338a9b64b9_002.wav
5b07db6f-ee06-4df3-9271-d2b0c9ac8dd7,c635b4a0-6d71-4a60-8630-c5c905db0775_008.wav
da2c6340-8d55-4f6d-9eff-ce87d41d2966,ace25eba-7e9f-4f8f-a462-43de5e81e105_008.wav
c33902da-ca17-4879-9bab-6028bc421034,f4c2efd5-59fd-473c-ab56-a43b614db3fa_005.wav
fb980fea-2ebf-4039-b7cf-911a64f998f8,8ad721d0-f7e1-4724-9de1-751c2622dcc2_012.wav
9f62be2f-d312-436d-81f9-c3d3977e3356,bda6d1ef-e1a3-436a-9d0e-00f52e37f46a_011.wav
82bc032b-b43f-4ac1-8653-73d4f9a07cb8,8ad721d0-f7e1-4724-9de1-751c2622dcc2_006.wav
0f91f0a6-85b3-4ab6-bf05-28d94264cb63,bda6d1ef-e1a3-436a-9d0e-00f52e37f46a_005.wav
29405103-4a88-4342-9d58-1981709789ea,6a3e310f-8af2-4a0a-a995-82847f3c767a_022.wav
0a664ce2-cf69-4e56-89e0-f0f747e750e6,8c6ce126-5417-4950-8ea2-1d19b9b48b8d_005.wav
2e32697c-534a-4a0f-be06-54d96c79a454,d50ceadb-8356-4c0c-b47f-f52c02672d2f_001.wav
0d0e0e54-d76e-4065-84f9-3b4c9bdb4569,72162576-86e3-4778-937f-cf7f8e352659_002.wav
d1d8069b-fc22-4ccd-9e54-f3858393fffd,8c6ce126-5417-4950-8ea2-1d19b9b48b8d_011.wav
fc244a6d-16a8-4cf3-bf9b-6a07a8eefc20,2c856450-0d6e-4372-8221-f37a8a2bf5a9_009.wav
bc4be4a2-5896-498c-aaae-36ff94cae264,ccaa8503-23bb-4b05-8fca-801f58b35e8a.wav
f9ce307c-0bfa-46b1-bd90-c500bcb01761,0a32fb2c-ed59-4b74-9dea-eee0d4974eaf_004.wav
307f0bf5-cb17-45a9-bd7c-a9306b19c316,935ded14-29bd-4ce2-bada-91ce7983305d_014.wav
48adcdfa-a76e-455c-9cdb-87c2e8198bd3,f4deae44-6b88-4c28-b27d-fcac021f99ca_029.wav
652d9dc7-7d10-475a-9ffd-d02cdb90d932,935ded14-29bd-4ce2-bada-91ce7983305d_000.wav
c1d02d2a-5682-454d-9385-07a1e83b5abd,f0c87b3d-51c9-48f8-81d8-081a62f8e8c0_004.wav
2a8cb748-f658-47ab-b695-9ccab65bcf7c,f4deae44-6b88-4c28-b27d-fcac021f99ca_015.wav
eb7944a7-a2b6-4572-8809-f62e498a353d,f4deae44-6b88-4c28-b27d-fcac021f99ca_001.wav
44bba4a7-1406-4776-8d8f-62cd72854607,d033299f-1579-49cd-977f-3e8bf8e2a336_022.wav
2e2679a4-9222-4901-828f-e7d8a76ddcc5,d74d6ffd-60df-49ca-8390-c342c215b100_006.wav
f054c684-93fc-4aa9-b1e0-7a69c481ccb4,dede4efd-a8c8-4085-978f-17557d321423_005.wav
e0a2e034-81cf-4653-afe2-20dd28446214,1a1293a2-cde3-4a88-a0b9-5fecd6d7f3f3_005.wav
d602603c-b620-4ec9-8a77-b086bc4adbe5,6cd24d74-3804-4502-b453-6ea9e1e76547_019.wav
ab5e5a02-363a-4141-8e67-71583d4158d8,1a1293a2-cde3-4a88-a0b9-5fecd6d7f3f3_011.wav
bf694aca-93ee-428a-807c-48856f0157b3,d2de73c0-d350-4bcf-8a6d-acb673766dda_003.wav
55a50d41-baac-4eaf-8823-ebe0f5f33181,0e896474-c6f5-4ad5-a788-00d8fc96fe4c_005.wav
00311f7a-bde9-46c7-b512-c46795055482,b3b3e1b2-bd36-40d1-ac21-3c8c140d9e67_007.wav
28fc0021-25e1-4fd2-96fc-111b9960030b,0e896474-c6f5-4ad5-a788-00d8fc96fe4c_011.wav
456821f1-acc1-4398-abb4-0ffa30ea2ac1,7ba8e381-84d4-4c27-905e-9732eda463a5_002.wav
83d86946-c30b-411b-8140-b3f85792a17a,7ba8e381-84d4-4c27-905e-9732eda463a5_016.wav
888a6f78-4d5b-4d58-bb66-a033703aae66,7fb2138a-01d6-4055-bcb5-4390da95fa33_001.wav
5709d83d-9709-4322-be3e-e0d2f78641e6,13c1892d-14d0-46a8-9a8d-0cc48bc645f2_005.wav
2824b188-91e7-4501-9738-b504c91d611d,8bbfa9a3-bc15-4cf9-b362-03ef2e8ad5ad_011.wav
be1d16c2-8034-4726-b314-de4ffea86846,8bbfa9a3-bc15-4cf9-b362-03ef2e8ad5ad_005.wav
6bf94f87-3acc-41d7-a4cf-a082b9959841,13c1892d-14d0-46a8-9a8d-0cc48bc645f2_011.wav
898d5f95-7fcf-469a-b0a5-1675545ff7e7,8bbfa9a3-bc15-4cf9-b362-03ef2e8ad5ad_013.wav
a83dcd77-98e2-458a-abad-b8b55274caaf,13c1892d-14d0-46a8-9a8d-0cc48bc645f2_007.wav
209f1d6c-b0b3-4f7d-b91f-80ab4926e853,13c1892d-14d0-46a8-9a8d-0cc48bc645f2_013.wav
ee27d0d9-5a0e-4f6a-b6fc-6776cdb0513f,8bbfa9a3-bc15-4cf9-b362-03ef2e8ad5ad_007.wav
a5485b98-ff35-45d2-b35c-6989f20a6e1b,7fb2138a-01d6-4055-bcb5-4390da95fa33_003.wav
7e6816c8-4b7c-4ab2-9df4-0ce552e9eac6,7ba8e381-84d4-4c27-905e-9732eda463a5_000.wav
2f0cc065-9c62-454b-a9af-829901b38c19,7ba8e381-84d4-4c27-905e-9732eda463a5_014.wav
a461a31e-5cf5-42b3-9690-3e9cea61f36f,b3b3e1b2-bd36-40d1-ac21-3c8c140d9e67_011.wav
57ba6e0a-0310-4f08-aa1b-50260eabcbbe,0e896474-c6f5-4ad5-a788-00d8fc96fe4c_007.wav
e5310efd-a701-4751-925a-06864ed555a5,0e896474-c6f5-4ad5-a788-00d8fc96fe4c_013.wav
50f6b78a-cd65-4fc4-81d6-25d4670f01ae,b3b3e1b2-bd36-40d1-ac21-3c8c140d9e67_005.wav
af0793ea-d4c1-46a2-9989-066e313a345f,d2de73c0-d350-4bcf-8a6d-acb673766dda_001.wav
cb4dcc94-f28f-45d2-b7c0-8a9d1a8e141e,1a1293a2-cde3-4a88-a0b9-5fecd6d7f3f3_007.wav
f51e7713-5784-4487-9b83-1ed1d8778655,1a1293a2-cde3-4a88-a0b9-5fecd6d7f3f3_013.wav
45aa2901-ac5c-481b-80c6-89f1975de71d,d74d6ffd-60df-49ca-8390-c342c215b100_004.wav
d2499b69-bc17-47c7-bf7b-8384b3c03cd7,dede4efd-a8c8-4085-978f-17557d321423_007.wav
8ddc385b-2011-4543-8b3a-3ad2ad8866b1,f4deae44-6b88-4c28-b27d-fcac021f99ca_017.wav
088291d5-ee4b-460d-83c3-71423be9e5b9,d033299f-1579-49cd-977f-3e8bf8e2a336_020.wav
0f8f7bc3-f5be-4428-a352-e2e2c7b697a3,f4deae44-6b88-4c28-b27d-fcac021f99ca_003.wav
bb812d2f-4f2d-4ce4-9334-bc31ebc0aad0,d033299f-1579-49cd-977f-3e8bf8e2a336_008.wav
66ce07c4-0ab1-4bad-9ab8-710bdd5fd20f,935ded14-29bd-4ce2-bada-91ce7983305d_016.wav
bd1a208f-298d-4b86-b58b-cfff211d2dac,935ded14-29bd-4ce2-bada-91ce7983305d_002.wav
d68a2f03-48c7-48d9-bbc3-e07b9d32d19a,0a32fb2c-ed59-4b74-9dea-eee0d4974eaf_006.wav
d9c32f25-7f8e-4f2e-9433-7bcabc9dfbcb,72162576-86e3-4778-937f-cf7f8e352659_014.wav
2ae7450a-5094-42b0-aede-bb15fd319ad4,86ed96db-9742-4510-8225-0d44054cd0d4_008.wav
c68daeba-48b3-4e5c-8dca-968ccfd07d6b,8c6ce126-5417-4950-8ea2-1d19b9b48b8d_007.wav
3d7bb735-cd42-449b-9f69-abe384c601dc,8c6ce126-5417-4950-8ea2-1d19b9b48b8d_013.wav
431f3048-596d-4349-ac1b-c2a7115ac049,d50ceadb-8356-4c0c-b47f-f52c02672d2f_003.wav
db594037-b67b-4534-869d-95a76f555406,72162576-86e3-4778-937f-cf7f8e352659_000.wav
db95affe-7360-4bad-9d36-1c50ca0f6a58,c0f4cff7-a9f0-4135-9c84-779e861309aa_008.wav
29c50872-8922-4afa-8d42-63abcd16d7cd,6a3e310f-8af2-4a0a-a995-82847f3c767a_020.wav
cd1ab36e-a37a-4ce7-af4c-5b7d2a1054f5,8ad721d0-f7e1-4724-9de1-751c2622dcc2_010.wav
0f6c53e7-7a48-4d22-abfb-d999594236ea,bda6d1ef-e1a3-436a-9d0e-00f52e37f46a_013.wav
5edc9102-a386-4f96-9277-8ec42d727fbe,8ad721d0-f7e1-4724-9de1-751c2622dcc2_004.wav
ffd9a200-aa1b-40ed-abad-96c6e3d1e8fd,bda6d1ef-e1a3-436a-9d0e-00f52e37f46a_007.wav
90b863c9-ccdf-4fcc-99fd-3589f1acc52b,6a3e310f-8af2-4a0a-a995-82847f3c767a_008.wav
6b6c438e-36ae-43ae-b998-bedd4caaba22,05ebd845-60ca-4846-8ae1-bfd09384d6ef_004.wav
76adfe5f-4930-47de-9aab-82e2290e5328,f4c2efd5-59fd-473c-ab56-a43b614db3fa_007.wav
234b40fc-c5e0-4114-9a17-dd039ad00d2c,11afa18d-678a-47f9-8990-7ed8e1d53be4_015.wav
6cfdee70-9da8-4321-85c7-dab31ac22b21,f4c10be5-1029-4829-81ff-ff838e875cc2_002.wav
267dd1a9-e15d-49d3-94b3-c993e16fb3d1,67b093dc-4b2d-4776-94ae-cc338a9b64b9_000.wav
493847a4-6640-4513-9407-857e32b805ba,11afa18d-678a-47f9-8990-7ed8e1d53be4_001.wav
5fac0e69-d020-4e51-85e2-3a5384f97bf5,11afa18d-678a-47f9-8990-7ed8e1d53be4_000.wav
6690cf69-eee7-4ed8-8e3e-7c14e623d3a6,67b093dc-4b2d-4776-94ae-cc338a9b64b9_001.wav
65928992-9467-42c4-91ec-c83b263cbe6d,f4c10be5-1029-4829-81ff-ff838e875cc2_003.wav
c1950fc8-8b8c-4a50-8567-397a88de298d,11afa18d-678a-47f9-8990-7ed8e1d53be4_014.wav
98e7ce04-2cfc-4ade-991d-ffd259573c43,f4c2efd5-59fd-473c-ab56-a43b614db3fa_006.wav
60e7b720-f540-4590-8ff6-4a67cce5a4d4,bda6d1ef-e1a3-436a-9d0e-00f52e37f46a_006.wav
aff2a649-66c3-4907-b9f4-cfdd574c9549,8ad721d0-f7e1-4724-9de1-751c2622dcc2_005.wav
2adb0dff-d5fc-4738-85bb-28c9302e538b,6a3e310f-8af2-4a0a-a995-82847f3c767a_009.wav
063b5cc1-7708-4ee6-b2d0-27b17a6ebb53,bda6d1ef-e1a3-436a-9d0e-00f52e37f46a_012.wav
aa120e2c-d1bb-4a56-9c69-a360ea6f450e,8ad721d0-f7e1-4724-9de1-751c2622dcc2_011.wav
e92e37ad-04af-4a18-843b-ae855f897f58,6a3e310f-8af2-4a0a-a995-82847f3c767a_021.wav
4e0b4127-de2b-4510-9c28-48674090cdae,8c6ce126-5417-4950-8ea2-1d19b9b48b8d_012.wav
95ff5464-d01d-4587-a74c-55c2e36b9500,c0f4cff7-a9f0-4135-9c84-779e861309aa_009.wav
fb11292a-66de-4a6a-9ff9-8836fa79e726,72162576-86e3-4778-937f-cf7f8e352659_001.wav
4bffbafe-34cb-4c1c-b141-78762decc53d,d50ceadb-8356-4c0c-b47f-f52c02672d2f_002.wav
e441193f-3d08-47ed-9fb1-f71be98600a1,86ed96db-9742-4510-8225-0d44054cd0d4_009.wav
15bb1e93-036b-405e-8d78-34fbc5fe6ccd,72162576-86e3-4778-937f-cf7f8e352659_015.wav
5e634a33-b69e-4899-a007-47e4252d094d,8c6ce126-5417-4950-8ea2-1d19b9b48b8d_006.wav
ad7af503-ca78-48f8-977b-50adca6bdb16,0a32fb2c-ed59-4b74-9dea-eee0d4974eaf_007.wav
a9d8ca70-c817-467a-964d-ac28d590d992,935ded14-29bd-4ce2-bada-91ce7983305d_003.wav
d98a4b51-ed41-4002-9826-e706e7ab1194,935ded14-29bd-4ce2-bada-91ce7983305d_017.wav
7ab3ff35-88d4-42e6-a57e-84758cbc5ed4,d033299f-1579-49cd-977f-3e8bf8e2a336_009.wav
933cea7d-d7da-47d6-9265-19f24c17f526,d033299f-1579-49cd-977f-3e8bf8e2a336_021.wav
7cd45280-8b63-4859-88d1-dbbcd666fc00,f4deae44-6b88-4c28-b27d-fcac021f99ca_002.wav
a3f26324-59bb-4f6c-a6a8-5083965dc5a7,f4deae44-6b88-4c28-b27d-fcac021f99ca_016.wav
3dde79f8-b2fc-41fe-aad5-c14dd83ba979,dede4efd-a8c8-4085-978f-17557d321423_006.wav
e8800d57-fbe9-42a4-8090-ec9e250bddf0,d74d6ffd-60df-49ca-8390-c342c215b100_005.wav
b4f8e527-920b-460d-bb38-738f22206a67,1a1293a2-cde3-4a88-a0b9-5fecd6d7f3f3_012.wav
d8436075-c06d-4d3a-9c80-0c1b82c74021,1a1293a2-cde3-4a88-a0b9-5fecd6d7f3f3_006.wav
566194cc-64e6-49cb-b382-20ab8517be66,81bb55a5-3fb8-4e1a-93a8-c66578e4c9e4.wav
39f37776-eee0-4fa6-9226-77f0530c2c51,d2de73c0-d350-4bcf-8a6d-acb673766dda_000.wav
e18ab269-cfa6-431f-a44f-094ab81e7f83,0e896474-c6f5-4ad5-a788-00d8fc96fe4c_012.wav
27c5b4c7-8b40-4424-b290-98b8e123796c,b3b3e1b2-bd36-40d1-ac21-3c8c140d9e67_004.wav
5513dc73-8a53-4173-a1a6-eec8b297535a,b3b3e1b2-bd36-40d1-ac21-3c8c140d9e67_010.wav
528f3f07-de12-4ee6-89a9-05e9aa353760,0e896474-c6f5-4ad5-a788-00d8fc96fe4c_006.wav
2dca64ee-7094-4c4e-bdc8-83c64439df3b,7ba8e381-84d4-4c27-905e-9732eda463a5_015.wav
3f7bf6fc-c441-4d0a-a7e9-d8bdc35dcbd6,7ba8e381-84d4-4c27-905e-9732eda463a5_001.wav
eeb13481-1bc7-4f31-8734-ca4c815a66ff,7fb2138a-01d6-4055-bcb5-4390da95fa33_002.wav
cc2d4a32-d110-4185-9f74-a1d26a9e23fc,13c1892d-14d0-46a8-9a8d-0cc48bc645f2_012.wav
6a3c9992-6545-4a3e-876e-6f86a9ba894a,8bbfa9a3-bc15-4cf9-b362-03ef2e8ad5ad_006.wav
aebc3d10-2cfb-463b-8bb8-6ad27db37526,8bbfa9a3-bc15-4cf9-b362-03ef2e8ad5ad_012.wav
0b290a41-ef77-4c5e-9736-4d1370636632,13c1892d-14d0-46a8-9a8d-0cc48bc645f2_006.wav
e552e189-2dfb-4832-8398-c647917ad077,f1200937-e1d0-410b-97e5-e3cf5a8a583c_000.wav
f5adb14f-6af3-4fb5-8893-fe19b77ce9a8,f1200937-e1d0-410b-97e5-e3cf5a8a583c_014.wav
916bf838-7974-471f-8d92-924feb84f6a0,44738e3a-0ab7-4793-9fbb-fdda658ac119_001.wav
f273ea9f-7e4a-4361-ade4-b26956915919,76e1c698-40f4-4f28-a1d8-09fc9726a4c1_007.wav
600f83df-5f49-4f51-8628-d40dba722543,d9e35b00-cac3-4c83-a38e-11b4e244e536_004.wav
62fee711-8e7e-4524-a63d-ef389ce5f529,575c0ab7-0f6e-43fb-bf7c-884e22b9fa58_011.wav
310ed6d3-fa7b-4419-ab02-0a72fdbdc3e3,d9e35b00-cac3-4c83-a38e-11b4e244e536_010.wav
32662046-e626-4171-b154-fe8b75bd5f5f,575c0ab7-0f6e-43fb-bf7c-884e22b9fa58_005.wav
d77b2808-57d3-4b3e-a296-055b2d045a9d,2b8f1c17-0e48-467f-b90d-074b1ad3bb29_005.wav
0b0b3e3f-8e92-419c-8b7b-01c2ca5c1b2d,c3afed56-73c2-4413-a81a-783022a0fa24_010.wav
113733cd-789e-4f4d-8ffa-3affcd990aaa,f9024aa0-0256-48bc-8198-7aeb94c8c462_003.wav
b67f4274-c0f9-4b97-89bc-35b3b8d1490b,7383d55c-d776-4888-a4f9-e985c4e82037_011.wav
a20da014-6819-4f9c-a883-07895655d5f0,c3afed56-73c2-4413-a81a-783022a0fa24_004.wav
6c7c5bdb-c2bd-4ce8-a88d-4549983bedc5,7383d55c-d776-4888-a4f9-e985c4e82037_005.wav
609c06e3-a323-427e-abfa-5ad7812935f8,62fd51e6-3409-44c9-b638-5d53d873c901_003.wav
fd7b02cc-2513-4fdf-be35-52be9c800675,ffc36b41-3e84-4784-9216-958884ab5b35_005.wav
cc2c383d-2a49-4807-a359-0bf74f85673f,62fd51e6-3409-44c9-b638-5d53d873c901_017.wav
70b0bed1-5066-429a-b83f-01c2f02a87cf,41087393-0c60-40c3-9cac-d8a3caf87fc8_002.wav
af9c07b9-3a2e-4983-9db0-1fd1d412ad94,88606a09-9548-4684-b1fd-73488e9ac57f_005.wav
10d6acf3-3276-4d92-9780-314526eb20b8,02d7c86a-4cd4-4de6-84e8-3607120d3e93_010.wav
00b78455-4e92-435d-abd6-dfa8efea3d64,88606a09-9548-4684-b1fd-73488e9ac57f_011.wav
519ddbad-c668-4567-bdd1-523f1498dbc5,02d7c86a-4cd4-4de6-84e8-3607120d3e93_004.wav
2a0df1a1-fb11-4aad-a156-8eb90792cbdc,edecab07-2661-4ad8-8792-5d6a0e27e8c0_023.wav
c762b36d-5264-44f0-9f27-4e123d51b941,6f01d115-bdfb-4266-bf7e-e7a1b930c6bb_001.wav
dea2c4ba-a04b-45ae-b7ca-e86988d7313c,4bf8850e-8f17-4fe3-926e-d271f6c47bc0_013.wav
d90a74dd-6a00-4ff4-942a-5245ba3122a6,4bf8850e-8f17-4fe3-926e-d271f6c47bc0_007.wav
8faf9ab6-cb5f-469c-b5cc-a528533fc26d,5b0fd660-e257-4ed7-8b4a-e9d44d922c40_022.wav
e3e81b0a-09fb-4305-a31d-7c58050be6a8,fb2a4ae8-def8-417d-bda5-77f9acb1bc75_009.wav
af23eb1e-ad51-4af5-955d-b8a653d8c48a,c1ec13a3-0922-4767-bc7d-6e511914c552_006.wav
80486fde-d238-45f2-b12a-a3090c8074d7,c685f396-f2e2-4b61-bdde-1c9cb5464f3d_003.wav
d420686b-caba-4728-9caf-5fc17c3054c9,75c5c488-92cf-4e1c-a751-08b6fa5c5c64_002.wav
7656c4bd-56f6-4b8f-a76c-1418c26190d9,82a99845-65f4-473d-891c-37ac3cb98566_000.wav
34890e97-12fd-4d8e-823d-719265645ad7,75c5c488-92cf-4e1c-a751-08b6fa5c5c64_016.wav
04e89176-cff8-4eeb-85d6-1fbeb4a66c0b,898e77b5-ff10-4a45-a9f9-e25cfed377be_001.wav
c4399e1d-ac34-4b8f-9dd6-d8d8ff4c8423,7d8d47e3-f69e-46ad-b797-b95c5b10cbec_013.wav
68aacfc9-8e13-40dd-ad12-51944150693d,7d8d47e3-f69e-46ad-b797-b95c5b10cbec_007.wav
f3c64966-ca9b-498c-98d1-a53df35349b5,96dba3d1-f994-4861-b962-f81a2bb86b8c_000.wav
2750bbba-f7b0-4ad1-b37c-c65f36083d55,69991ff1-46ef-4c31-a2f5-0a2ab46909e2_006.wav
8bedefbb-10a6-4126-a4aa-1c6cadeeb03f,7d8d47e3-f69e-46ad-b797-b95c5b10cbec_006.wav
a0e7a7d1-65ed-4bee-a4b1-7983820fc214,69991ff1-46ef-4c31-a2f5-0a2ab46909e2_007.wav
1d7244dc-bebe-4dbf-8c65-29d73556f7ec,96dba3d1-f994-4861-b962-f81a2bb86b8c_001.wav
9a562f45-995a-47a7-86e8-2501ad1d138a,7d8d47e3-f69e-46ad-b797-b95c5b10cbec_012.wav
ee517b88-dd1e-4a58-b979-91e63307854b,898e77b5-ff10-4a45-a9f9-e25cfed377be_000.wav
a82cf5e1-f9cc-441e-af1a-f2924d9507b1,75c5c488-92cf-4e1c-a751-08b6fa5c5c64_017.wav
27467537-dc61-4788-82fd-df2c769c91f4,82a99845-65f4-473d-891c-37ac3cb98566_001.wav
fdc5e3f9-ce52-4a18-8ee4-9f4258966ffd,c685f396-f2e2-4b61-bdde-1c9cb5464f3d_002.wav
91a9403d-9f7c-4e65-9780-c4bd415a285b,75c5c488-92cf-4e1c-a751-08b6fa5c5c64_003.wav
59798762-3068-44b0-bb9b-9cfb7ac3de3d,c1ec13a3-0922-4767-bc7d-6e511914c552_007.wav
8a0a68a2-d5d0-4c8f-aaaf-5ad1da2e80b3,fb2a4ae8-def8-417d-bda5-77f9acb1bc75_008.wav
8c848bb8-33c8-4369-a8a4-d3f73b1e65b6,5b0fd660-e257-4ed7-8b4a-e9d44d922c40_023.wav
80ba2330-e024-48c1-9097-7bd15ffe1b27,4bf8850e-8f17-4fe3-926e-d271f6c47bc0_006.wav
c7612e21-285b-44fc-99a7-4d1ed7895bac,4bf8850e-8f17-4fe3-926e-d271f6c47bc0_012.wav
3d7bc579-d952-4cd3-b16a-9ec1ad955986,6f01d115-bdfb-4266-bf7e-e7a1b930c6bb_000.wav
57d63bd9-3164-4d52-ac21-68a3690fa41c,edecab07-2661-4ad8-8792-5d6a0e27e8c0_022.wav
ecb394ef-b3db-4a37-bb92-15b367729e7f,02d7c86a-4cd4-4de6-84e8-3607120d3e93_005.wav
a09cc5ba-fea8-4594-a39b-fce384e1a884,88606a09-9548-4684-b1fd-73488e9ac57f_010.wav
c8b0c6e8-d79d-4bcf-a4ab-6705de2711c3,02d7c86a-4cd4-4de6-84e8-3607120d3e93_011.wav
454514df-11c1-4219-9e48-b0ae84a85f1f,88606a09-9548-4684-b1fd-73488e9ac57f_004.wav
98cfb6aa-45a4-48f7-bda5-5e385e2b0fa2,ffc36b41-3e84-4784-9216-958884ab5b35_010.wav
e7405b56-91f4-491a-a7fc-ea7d9fd985de,62fd51e6-3409-44c9-b638-5d53d873c901_016.wav
7b98445f-3150-413f-8036-20c47e0a391a,62fd51e6-3409-44c9-b638-5d53d873c901_002.wav
01fe2d46-7889-4b2e-b483-4909bb79aad5,ffc36b41-3e84-4784-9216-958884ab5b35_004.wav
0ad61644-9b26-4207-931f-c1efea1803d7,7383d55c-d776-4888-a4f9-e985c4e82037_004.wav
9b954ad4-473d-4b6f-8677-bf1f2bd77aa7,c3afed56-73c2-4413-a81a-783022a0fa24_005.wav
074f35db-54ab-4828-b8a0-95d3f3e60fde,7383d55c-d776-4888-a4f9-e985c4e82037_010.wav
637783e5-79a1-4fd4-bafb-0d524926b034,c3afed56-73c2-4413-a81a-783022a0fa24_011.wav
4144ed26-4f56-4441-8d37-53117943cf95,f9024aa0-0256-48bc-8198-7aeb94c8c462_002.wav
66d55965-c70c-4422-bc0a-d5ad3f5d2d02,2b8f1c17-0e48-467f-b90d-074b1ad3bb29_004.wav
f915587c-3fab-49d9-93cc-1d7270b50cb1,575c0ab7-0f6e-43fb-bf7c-884e22b9fa58_004.wav
418d14ad-ca37-4030-bec0-7ddc780b0179,d9e35b00-cac3-4c83-a38e-11b4e244e536_011.wav
b29395b0-5ca8-489d-ab0d-aa16440fdf12,575c0ab7-0f6e-43fb-bf7c-884e22b9fa58_010.wav
6ef150a2-fabd-4c95-bdf5-7f3937834bd8,d9e35b00-cac3-4c83-a38e-11b4e244e536_005.wav
e6ae7ef1-baf6-4776-b11b-0dc69df2d574,76e1c698-40f4-4f28-a1d8-09fc9726a4c1_006.wav
62fc36b3-6420-4de6-88c7-03d1706e3555,44738e3a-0ab7-4793-9fbb-fdda658ac119_000.wav
b048f80f-8f09-450a-bac3-fa9a7f941a1d,83b3c4aa-6cec-424e-9e89-f0d27539a862.wav
03f7961c-4e71-4321-abc1-87fe6a212135,f1200937-e1d0-410b-97e5-e3cf5a8a583c_015.wav
b8be2a78-ee80-4b43-990b-39b4201208fe,f1200937-e1d0-410b-97e5-e3cf5a8a583c_001.wav
f11c2ee2-a5b9-4c81-886c-90c7af49e5a2,f1200937-e1d0-410b-97e5-e3cf5a8a583c_017.wav
1e48d087-f39b-4e5a-bf77-3ad155d45241,f1200937-e1d0-410b-97e5-e3cf5a8a583c_003.wav
357ec3c7-edd0-4580-b675-48de5a057194,76e1c698-40f4-4f28-a1d8-09fc9726a4c1_004.wav
ee8e83f1-b100-4369-a7b5-195a006ae4d0,76e1c698-40f4-4f28-a1d8-09fc9726a4c1_010.wav
a6735332-5bf0-41a9-b36c-52ecc057b9b6,44738e3a-0ab7-4793-9fbb-fdda658ac119_002.wav
22cfa113-894e-4c56-b1f7-7f31685f6717,d9e35b00-cac3-4c83-a38e-11b4e244e536_013.wav
92df02ac-6834-4f4c-82a5-54c76fc78f4f,575c0ab7-0f6e-43fb-bf7c-884e22b9fa58_006.wav
d6d689a1-8e5a-4bc1-bf0f-99af15b12fbd,d9e35b00-cac3-4c83-a38e-11b4e244e536_007.wav
d0411f64-684e-4c40-aa80-fa9b1a475f10,575c0ab7-0f6e-43fb-bf7c-884e22b9fa58_012.wav
9f42e4c2-c22f-458a-82e9-77420903c627,2b8f1c17-0e48-467f-b90d-074b1ad3bb29_006.wav
f1c333fa-f2e0-4907-bd56-398cb40cd1bc,c3afed56-73c2-4413-a81a-783022a0fa24_007.wav
106c7c0b-be5f-4344-b710-47755b5e5abf,7383d55c-d776-4888-a4f9-e985c4e82037_006.wav
0814011e-a445-4a41-ac03-d916d7737a4a,f9024aa0-0256-48bc-8198-7aeb94c8c462_000.wav
b41afa03-3cfd-4e38-aef5-5fc069d364e3,c3afed56-73c2-4413-a81a-783022a0fa24_013.wav
e8422a94-bb64-497d-b671-ed0294c8c971,7383d55c-d776-4888-a4f9-e985c4e82037_012.wav
0981cc21-a46c-470b-bf89-f55a9aa57770,62fd51e6-3409-44c9-b638-5d53d873c901_014.wav
69a58c3d-7925-4ce3-a45e-8fb629f7b90e,41087393-0c60-40c3-9cac-d8a3caf87fc8_001.wav
16014a67-1d17-499f-bae7-1114520b0fdd,ffc36b41-3e84-4784-9216-958884ab5b35_006.wav
45c5ebf6-5db4-474a-a637-a943dc5ae808,cbcb6f5f-7678-406a-8e0a-fff3bb17f43d_009.wav
24e8ace9-ddf1-472b-90ae-65fbc5561dc4,62fd51e6-3409-44c9-b638-5d53d873c901_000.wav
c3d9da73-a84a-4789-8c65-5a0638ec289b,88606a09-9548-4684-b1fd-73488e9ac57f_012.wav
9bd9058d-8119-439b-af40-862d893de21d,02d7c86a-4cd4-4de6-84e8-3607120d3e93_007.wav
31f82ebc-49c6-404c-b56c-c407cb4c4ee0,edecab07-2661-4ad8-8792-5d6a0e27e8c0_020.wav
9f219e20-cfc7-4db6-8de9-2f693b3cb365,88606a09-9548-4684-b1fd-73488e9ac57f_006.wav
783f9177-21c7-4699-aa5f-dce3dfd29097,02d7c86a-4cd4-4de6-84e8-3607120d3e93_013.wav
bd43595d-0f2d-4cfb-b56b-42e9059e5fce,24343311-f0e2-4ca0-a20c-85b0a0008795_009.wav
780f5ad8-6905-475a-88fc-8d680c95b498,6f01d115-bdfb-4266-bf7e-e7a1b930c6bb_002.wav
2371ca66-3825-452b-8732-dc380ad9b03e,edecab07-2661-4ad8-8792-5d6a0e27e8c0_008.wav
9af0e1b7-f86e-4811-b553-2a14564c6546,4bf8850e-8f17-4fe3-926e-d271f6c47bc0_004.wav
ab754709-d0af-4be0-9f69-7f4cdbbdad02,5b0fd660-e257-4ed7-8b4a-e9d44d922c40_009.wav
f7a3bab2-7ba3-4445-84c6-1fcaa41e6956,4bf8850e-8f17-4fe3-926e-d271f6c47bc0_010.wav
ec0ff682-6cc6-4338-9abc-a8f50687882d,5b0fd660-e257-4ed7-8b4a-e9d44d922c40_021.wav
7d39f3f8-e068-45bb-a700-3c3fa5eb24b9,c1ec13a3-0922-4767-bc7d-6e511914c552_005.wav
fbff2732-3ad8-4f58-b12f-141adbd02c33,c685f396-f2e2-4b61-bdde-1c9cb5464f3d_014.wav
8deb3c0d-211d-4aa3-8f13-71d2be87241b,82a99845-65f4-473d-891c-37ac3cb98566_003.wav
ddd81265-edb3-440a-a08e-2a83ea4798f0,75c5c488-92cf-4e1c-a751-08b6fa5c5c64_015.wav
6dbcbf57-2c3e-4353-ac7d-6af65d6ba2a3,75c5c488-92cf-4e1c-a751-08b6fa5c5c64_001.wav
c8d3da53-ce8f-4d3b-ba02-ed62c29ea0d0,c685f396-f2e2-4b61-bdde-1c9cb5464f3d_000.wav
fd64f932-0480-413f-a80d-5f254106e339,96dba3d1-f994-4861-b962-f81a2bb86b8c_003.wav
9aa3f7d3-a43c-4921-a4a0-4a220bbeb6e1,69991ff1-46ef-4c31-a2f5-0a2ab46909e2_005.wav
1c3c5f0e-b1d9-47f5-a9c5-45f153a87289,7d8d47e3-f69e-46ad-b797-b95c5b10cbec_004.wav
f09b5cbe-6bf2-49cc-8f9f-3c7cff78e425,7d8d47e3-f69e-46ad-b797-b95c5b10cbec_010.wav
01aad252-c63f-47c1-85b4-a7fee24af17b,7d8d47e3-f69e-46ad-b797-b95c5b10cbec_011.wav
2f28ea95-fed8-41e3-b680-40ef8337b92a,69991ff1-46ef-4c31-a2f5-0a2ab46909e2_010.wav
b8ea42cb-bca3-4d3c-b44d-6cdf0db66a3a,69991ff1-46ef-4c31-a2f5-0a2ab46909e2_004.wav
3590012f-e0d6-4a7b-8d80-8963d9db289c,96dba3d1-f994-4861-b962-f81a2bb86b8c_002.wav
d68d610e-4723-4ff5-a3b6-7de4b25846e4,7d8d47e3-f69e-46ad-b797-b95c5b10cbec_005.wav
c7de6b31-443a-471d-885a-e0d3704a1d8c,75c5c488-92cf-4e1c-a751-08b6fa5c5c64_000.wav
9e2ad9ca-1a2a-4e7b-b624-2a6900b242a5,c685f396-f2e2-4b61-bdde-1c9cb5464f3d_001.wav
cd50b7ce-a945-4e5c-a057-0b82cf802945,c685f396-f2e2-4b61-bdde-1c9cb5464f3d_015.wav
8a863c82-74b3-4f94-9cfe-ee023e12f5e8,75c5c488-92cf-4e1c-a751-08b6fa5c5c64_014.wav
b3de6c61-5a54-4403-9b56-92b541be4eef,82a99845-65f4-473d-891c-37ac3cb98566_002.wav
2386a621-9df4-4ac7-a691-0928dcbb02a0,c1ec13a3-0922-4767-bc7d-6e511914c552_004.wav
cdd1c656-4c7d-454c-b67d-ed283c18bbe1,5b0fd660-e257-4ed7-8b4a-e9d44d922c40_020.wav
22b27084-a612-4634-8238-8bbe556ead46,5b0fd660-e257-4ed7-8b4a-e9d44d922c40_008.wav
ce56819a-a7ee-4fa2-b80a-4825d599e802,4bf8850e-8f17-4fe3-926e-d271f6c47bc0_011.wav
a127aed9-95d4-4301-a3c6-07ae82dba03d,4bf8850e-8f17-4fe3-926e-d271f6c47bc0_005.wav
7ffce6c9-d681-42b0-812d-ec40fb27d4d8,edecab07-2661-4ad8-8792-5d6a0e27e8c0_009.wav
34ef5d9a-8460-496e-9f29-c160751b3905,6f01d115-bdfb-4266-bf7e-e7a1b930c6bb_003.wav
b61a87fe-4d4f-43f1-8d4f-5c69f5f001de,24343311-f0e2-4ca0-a20c-85b0a0008795_008.wav
92e46eaf-9468-41bf-987b-6304ea5fb337,02d7c86a-4cd4-4de6-84e8-3607120d3e93_012.wav
41bd4058-6809-4194-98af-6726a1401ab5,88606a09-9548-4684-b1fd-73488e9ac57f_007.wav
fd166a1e-7444-43e4-b491-990fed91f94b,edecab07-2661-4ad8-8792-5d6a0e27e8c0_021.wav
5ba8cf69-d4b7-428d-ac8c-2c926114a66a,02d7c86a-4cd4-4de6-84e8-3607120d3e93_006.wav
9acf7539-382d-4e90-be93-15276720c626,88606a09-9548-4684-b1fd-73488e9ac57f_013.wav
1f580b6d-d92a-4d6e-a565-091c0a977e18,cbcb6f5f-7678-406a-8e0a-fff3bb17f43d_008.wav
c42f4b73-aa81-4780-82a4-e9b4ca3c9769,ffc36b41-3e84-4784-9216-958884ab5b35_007.wav
b7ddf881-0467-4732-aeba-b7a509794e74,62fd51e6-3409-44c9-b638-5d53d873c901_001.wav
dc0c3d41-fcbb-4fc4-8a55-4b883b621907,41087393-0c60-40c3-9cac-d8a3caf87fc8_000.wav
c52a408a-5d8d-41b5-8c70-505217a7f882,62fd51e6-3409-44c9-b638-5d53d873c901_015.wav
a8bfc213-e78a-4a22-9fd3-22f3e8da7fdd,f9024aa0-0256-48bc-8198-7aeb94c8c462_001.wav
0f1198dd-f432-49c0-b46d-bfb9f27d81a2,c3afed56-73c2-4413-a81a-783022a0fa24_012.wav
a55abd8b-cbb2-4c64-85e6-80f948319b6a,7383d55c-d776-4888-a4f9-e985c4e82037_007.wav
3e967b43-c349-4fa9-b9b9-a4687e48c72c,c3afed56-73c2-4413-a81a-783022a0fa24_006.wav
fbf184b0-1502-48da-89f3-47664a266a04,2b8f1c17-0e48-467f-b90d-074b1ad3bb29_007.wav
7b219205-77ac-456c-be2d-497c2083a8fc,575c0ab7-0f6e-43fb-bf7c-884e22b9fa58_013.wav
033ffda3-75b4-4e06-8274-660b48b56d1f,d9e35b00-cac3-4c83-a38e-11b4e244e536_006.wav
57283c40-d650-4eae-afc0-8dfb3719c259,575c0ab7-0f6e-43fb-bf7c-884e22b9fa58_007.wav
38ca90b6-3b3a-4a83-a734-f297d4e1afd3,d9e35b00-cac3-4c83-a38e-11b4e244e536_012.wav
6b2069c2-a10a-4938-88c5-67272b5c4a6e,44738e3a-0ab7-4793-9fbb-fdda658ac119_003.wav
a28da2cc-c3c5-4498-8b18-2e391e519825,76e1c698-40f4-4f28-a1d8-09fc9726a4c1_005.wav
75eb6a73-eee1-4d7e-8228-43d827145043,f1200937-e1d0-410b-97e5-e3cf5a8a583c_002.wav
d2ac75f9-f790-4d2e-aed2-e34a1fa99524,f1200937-e1d0-410b-97e5-e3cf5a8a583c_016.wav
0a7b9397-50ba-4889-97b4-2333f798a3c4,76e1c698-40f4-4f28-a1d8-09fc9726a4c1_001.wav
9af111f9-1c8d-4abb-8703-28dbd671cbf0,863b730b-b2e1-476f-80da-2ecb0cd16aa6_002.wav
c943da89-deb7-4928-8b5c-6847f2743f51,fc80b188-beb2-4b59-96a4-1ea1480c8573_001.wav
30a2c14a-40b5-44ab-95d4-50d4d8959c28,f1200937-e1d0-410b-97e5-e3cf5a8a583c_012.wav
361a6f70-065a-488a-ad34-ddc4e4865179,f1200937-e1d0-410b-97e5-e3cf5a8a583c_006.wav
efb2103d-2fa9-4f64-82b8-b4571849ef1d,5ed4f9f9-7e4b-4208-b69f-aee48f3a13c0_003.wav
63b83582-64ab-4c14-a948-b27053429e70,575c0ab7-0f6e-43fb-bf7c-884e22b9fa58_003.wav
fcc976e7-16d7-4b04-9369-213750ab422d,d9e35b00-cac3-4c83-a38e-11b4e244e536_002.wav
e9d9b01b-d159-4d97-9672-0ffad0f10346,c3afed56-73c2-4413-a81a-783022a0fa24_002.wav
170971ea-0fac-4dea-90be-399dfe34aea3,7383d55c-d776-4888-a4f9-e985c4e82037_003.wav
81efa0d9-fb4d-4ad8-b1bd-ea76c5283977,c3afed56-73c2-4413-a81a-783022a0fa24_016.wav
8be19814-aff2-487a-812c-7642a52cc062,f9024aa0-0256-48bc-8198-7aeb94c8c462_005.wav
a5d8d2fe-6528-4f2e-a95d-f61271501087,75d2b2dd-d71a-4b1c-b531-8ebd3e98a87d_009.wav
fd483e57-d284-48c6-8e2a-3679ce102ea2,2b8f1c17-0e48-467f-b90d-074b1ad3bb29_003.wav
d7c31017-0fad-4553-bea9-e99b1d24d79d,62fd51e6-3409-44c9-b638-5d53d873c901_011.wav
6365675e-9d61-4dfa-b7e0-fda328eb9c6e,62fd51e6-3409-44c9-b638-5d53d873c901_005.wav
970b35d7-d30d-4540-aed3-947689d4e400,ffc36b41-3e84-4784-9216-958884ab5b35_003.wav
09cc6e0d-e066-4d57-8917-c1697e016b0f,edecab07-2661-4ad8-8792-5d6a0e27e8c0_019.wav
5a2566b9-a380-4738-b457-a568fadb9615,6f01d115-bdfb-4266-bf7e-e7a1b930c6bb_007.wav
8e5ae119-925c-474f-9594-c00642d94eae,88606a09-9548-4684-b1fd-73488e9ac57f_017.wav
f8073521-62f5-4bd0-9546-bbed43ceaa54,02d7c86a-4cd4-4de6-84e8-3607120d3e93_002.wav
cc8d7bea-73e6-48b5-8b0d-8d2025a6c4fb,edecab07-2661-4ad8-8792-5d6a0e27e8c0_025.wav
3e2eb513-e04d-4b4a-be0e-649703f37e56,88606a09-9548-4684-b1fd-73488e9ac57f_003.wav
93cdb7a1-610f-4a40-ba2b-f4bf13c33df3,02d7c86a-4cd4-4de6-84e8-3607120d3e93_016.wav
68084c7c-291f-4661-934e-ffeaa3b26563,5b0fd660-e257-4ed7-8b4a-e9d44d922c40_024.wav
931adcda-a61b-4135-9efb-16875b21fbb5,5b0fd660-e257-4ed7-8b4a-e9d44d922c40_018.wav
89f85c01-24b8-46c3-81b2-1b56fc962b7d,4bf8850e-8f17-4fe3-926e-d271f6c47bc0_001.wav
e1f45a31-46a5-43f5-a5e7-9ad221ba3fb5,4bf8850e-8f17-4fe3-926e-d271f6c47bc0_015.wav
0a8539a8-b8e4-4885-9632-f2bc68a2a15e,a4ce6b9d-2598-43c1-bb0c-c1e0173ca2fe_001.wav
d99b1bfd-de1e-4ac3-953e-eba4a45ab93a,c1ec13a3-0922-4767-bc7d-6e511914c552_000.wav
7726de72-b30e-4b13-b7f4-62610bc83896,7d8d47e3-f69e-46ad-b797-b95c5b10cbec_001.wav
07cd7fbe-d6c3-4e93-8f54-edc5fd1e1e91,96dba3d1-f994-4861-b962-f81a2bb86b8c_006.wav
78cd4d87-976e-400c-8753-4afaa7877ea0,69991ff1-46ef-4c31-a2f5-0a2ab46909e2_000.wav
7098e106-890b-4559-94c9-6cb0856a1bce,7d8d47e3-f69e-46ad-b797-b95c5b10cbec_015.wav
d50aeb0a-79e6-4be8-a5df-067e57311ae4,82a99845-65f4-473d-891c-37ac3cb98566_006.wav
a9975a6d-b6e9-4600-95f7-6250b7c777a8,75c5c488-92cf-4e1c-a751-08b6fa5c5c64_010.wav
543b6922-34ed-409c-8f82-d924a9529a86,c685f396-f2e2-4b61-bdde-1c9cb5464f3d_011.wav
1f0b5da5-9326-4d31-8d66-98039caa158a,c53a198f-1e83-4446-b626-56de91563d6d_008.wav
211ca42e-d62d-43ba-997f-2cb4a9e7d46d,c685f396-f2e2-4b61-bdde-1c9cb5464f3d_005.wav
d18e8aca-45b4-4a1a-afda-221e28cd1178,75c5c488-92cf-4e1c-a751-08b6fa5c5c64_004.wav
6218834d-8d6c-4a39-935f-d6f489aad18f,c685f396-f2e2-4b61-bdde-1c9cb5464f3d_004.wav
b805f3b2-06e6-40ae-9760-3566ef1f75c7,75c5c488-92cf-4e1c-a751-08b6fa5c5c64_005.wav
36bcae99-2660-4b4e-bb66-e2cf11f0cd12,75c5c488-92cf-4e1c-a751-08b6fa5c5c64_011.wav
d8e28550-c04a-4bbc-ac70-51ebc9e897f2,c685f396-f2e2-4b61-bdde-1c9cb5464f3d_010.wav
2d43d6a3-7907-400d-811a-c56cfaf92abc,7d8d47e3-f69e-46ad-b797-b95c5b10cbec_014.wav
6d9cba30-2400-49eb-ae6c-707860eb8988,7d8d47e3-f69e-46ad-b797-b95c5b10cbec_000.wav
dea9b97f-32d3-4d19-87d0-633f4bd6812a,69991ff1-46ef-4c31-a2f5-0a2ab46909e2_001.wav
e2f4b184-7b3d-4812-8a7b-0540eeb0a0b0,96dba3d1-f994-4861-b962-f81a2bb86b8c_007.wav
e7640ba7-9478-42af-b946-952e63f3a183,b6c11e81-7063-46fd-a0e9-83e8d6dd8ece.wav
b91d12b8-224f-465a-b8ed-0f1cb730df3d,c1ec13a3-0922-4767-bc7d-6e511914c552_001.wav
2c3583e7-a7ea-46f0-873e-d0ac6edb6e9e,4bf8850e-8f17-4fe3-926e-d271f6c47bc0_014.wav
e761b498-ed4e-4955-87a1-fc9f72fe81c3,a4ce6b9d-2598-43c1-bb0c-c1e0173ca2fe_000.wav
e463671c-765d-45ea-8a08-50a9bb4cf5bb,5b0fd660-e257-4ed7-8b4a-e9d44d922c40_019.wav
d5a084bd-772d-43f1-9966-aa0aa539be99,4bf8850e-8f17-4fe3-926e-d271f6c47bc0_000.wav
94b178da-5378-4aab-8c31-f49bb0fc0f5d,5b0fd660-e257-4ed7-8b4a-e9d44d922c40_025.wav
98cae65f-8398-4aee-b410-1dea52d465ba,88606a09-9548-4684-b1fd-73488e9ac57f_002.wav
70901a40-c682-4372-861b-52b016cfd705,edecab07-2661-4ad8-8792-5d6a0e27e8c0_024.wav
688695de-93eb-4faa-815f-2f75539385f4,02d7c86a-4cd4-4de6-84e8-3607120d3e93_003.wav
5a400798-17f3-4a1e-b2ba-183dae69f244,88606a09-9548-4684-b1fd-73488e9ac57f_016.wav
c092a3af-0529-4a69-b945-c0e338bc3487,6f01d115-bdfb-4266-bf7e-e7a1b930c6bb_006.wav
174dbcc0-744c-4caa-9fec-5fd2e3a6b2fe,edecab07-2661-4ad8-8792-5d6a0e27e8c0_018.wav
e2e2bc95-c233-4b0d-922d-2adec2ec793d,62fd51e6-3409-44c9-b638-5d53d873c901_004.wav
22bb7d95-b8f7-4c55-8f88-e61b4ae7496b,ffc36b41-3e84-4784-9216-958884ab5b35_002.wav
84d7b17d-761c-4f6b-99a2-7cac06c9b5c5,62fd51e6-3409-44c9-b638-5d53d873c901_010.wav
8fae357a-dacc-4663-8bbe-6a2c92ddc60f,2b8f1c17-0e48-467f-b90d-074b1ad3bb29_002.wav
fc4afeca-0753-43e0-9ab3-a0a016628f22,c3afed56-73c2-4413-a81a-783022a0fa24_017.wav
7a1f0447-998f-460e-8275-65c9f4e4128c,f9024aa0-0256-48bc-8198-7aeb94c8c462_004.wav
ad738680-a9e8-4ac9-b4cb-50b5cdc2c267,75d2b2dd-d71a-4b1c-b531-8ebd3e98a87d_008.wav
c6b4e1b9-8bbb-4400-b438-4fc6c1c94084,7383d55c-d776-4888-a4f9-e985c4e82037_002.wav
a80d6ee0-6914-4c4d-9a33-ef4fc780fd51,c3afed56-73c2-4413-a81a-783022a0fa24_003.wav
0defaa9e-0acf-4e2d-80af-22806028f391,d9e35b00-cac3-4c83-a38e-11b4e244e536_003.wav
305e0973-a07e-4387-8b5a-a404f86df162,575c0ab7-0f6e-43fb-bf7c-884e22b9fa58_002.wav
0cb61e3c-1f4d-49da-9626-29ed43566cbe,5ed4f9f9-7e4b-4208-b69f-aee48f3a13c0_002.wav
ba6d2ec9-c4ec-4b34-a665-4ad91ab0ee8b,f1200937-e1d0-410b-97e5-e3cf5a8a583c_007.wav
6c04790b-8603-4d80-8822-94f1b194c6f8,f1200937-e1d0-410b-97e5-e3cf5a8a583c_013.wav
4bd986a3-7afa-4070-ab1c-8a35ef6c7342,fc80b188-beb2-4b59-96a4-1ea1480c8573_000.wav
bac8f45f-8127-47e1-8c88-cb1f1e7bdedf,863b730b-b2e1-476f-80da-2ecb0cd16aa6_003.wav
537b0ede-4e5a-4d50-918c-3ece053ac45e,76e1c698-40f4-4f28-a1d8-09fc9726a4c1_000.wav
ec50d4f3-607b-4721-9df1-ddb7958ac7e7,863b730b-b2e1-476f-80da-2ecb0cd16aa6_001.wav
3822db12-05eb-4b6a-8d79-073b9027fd14,44738e3a-0ab7-4793-9fbb-fdda658ac119_004.wav
5b7a8446-ec46-464d-81d7-23ed42740c02,76e1c698-40f4-4f28-a1d8-09fc9726a4c1_002.wav
70e120be-2f40-4a75-9afd-070bc386b570,f1200937-e1d0-410b-97e5-e3cf5a8a583c_005.wav
58a0b0e6-8041-4434-8aa8-1eed5fb61c64,f1200937-e1d0-410b-97e5-e3cf5a8a583c_011.wav
478a0e4c-96d8-4770-b4d1-6905741bd552,5ed4f9f9-7e4b-4208-b69f-aee48f3a13c0_000.wav
ea46996d-3738-45a1-b494-3957ccea510d,7a5b0f95-7e55-421a-981c-6b4f7030f1bb_009.wav
13cddf0e-211e-4a9a-9383-217f018d880d,d9e35b00-cac3-4c83-a38e-11b4e244e536_001.wav
0abbc467-870a-497b-8e85-b554b7ffe8f1,575c0ab7-0f6e-43fb-bf7c-884e22b9fa58_014.wav
cf76b9ad-f276-4134-946b-6ed15d692146,575c0ab7-0f6e-43fb-bf7c-884e22b9fa58_000.wav
273f3e65-3d9e-48b0-b422-aa098b4b0ea8,c3afed56-73c2-4413-a81a-783022a0fa24_015.wav
35080c7c-5d0a-4cde-a43a-d866a54c812f,c3afed56-73c2-4413-a81a-783022a0fa24_001.wav
ee39e404-9e5e-4551-a9d8-9285e01d8c79,7383d55c-d776-4888-a4f9-e985c4e82037_000.wav
0d8760f5-6f61-4577-92dd-fcecb75d84b3,2b8f1c17-0e48-467f-b90d-074b1ad3bb29_000.wav
34a0a684-0d4c-46ab-8921-6e64567ce5a4,ffc36b41-3e84-4784-9216-958884ab5b35_000.wav
1f4b9aac-2ae7-4516-813a-fdc69bda5345,62fd51e6-3409-44c9-b638-5d53d873c901_006.wav
c09a5e79-4978-4b14-8c4e-d1a739a295ca,62fd51e6-3409-44c9-b638-5d53d873c901_012.wav
75468df3-455c-462d-a145-017480d00337,6f01d115-bdfb-4266-bf7e-e7a1b930c6bb_004.wav
686163f5-44fa-4672-afb0-bf3c346dfb71,88606a09-9548-4684-b1fd-73488e9ac57f_000.wav
7039c041-4703-4e36-843f-79088aab9f1c,88e0154d-3f84-4da7-871b-e85e1e17b9a1_009.wav
8ff21736-b674-4147-8e03-1250cb9feaa6,02d7c86a-4cd4-4de6-84e8-3607120d3e93_015.wav
a519e7dc-045d-4c1f-b91e-2ffbbd1609c9,cdcc62ed-5e44-415a-875f-58f88df0b756_008.wav
a7a8d715-76aa-4dd8-8a68-35957369b927,88606a09-9548-4684-b1fd-73488e9ac57f_014.wav
fe60cc07-0a46-4b79-9de6-f04cc5d63e96,02d7c86a-4cd4-4de6-84e8-3607120d3e93_001.wav
0f5c70bc-7b74-40e9-8fe1-17b2c9414d90,edecab07-2661-4ad8-8792-5d6a0e27e8c0_026.wav
15d744f5-55c0-4897-a3a3-310c931c9dc7,fb2a4ae8-def8-417d-bda5-77f9acb1bc75_018.wav
e385959d-9735-4510-8f95-ccac079386d5,5b0fd660-e257-4ed7-8b4a-e9d44d922c40_027.wav
a98aebc5-89ad-46fb-bd1a-d547951ab6a5,4bf8850e-8f17-4fe3-926e-d271f6c47bc0_016.wav
547e6bf0-9703-427f-938a-805efb984b87,4bf8850e-8f17-4fe3-926e-d271f6c47bc0_002.wav
d146b317-daa3-4f72-9a73-4b560bb6b2a6,c1ec13a3-0922-4767-bc7d-6e511914c552_003.wav
ff583614-b538-4b78-895b-13fd27b96d9b,7d8d47e3-f69e-46ad-b797-b95c5b10cbec_016.wav
4eef1c26-9618-4ff4-9ed9-3ff308622510,96dba3d1-f994-4861-b962-f81a2bb86b8c_011.wav
1066fb2e-35d0-4d75-8535-6f38341a636e,96dba3d1-f994-4861-b962-f81a2bb86b8c_005.wav
eff38c2a-9645-4016-bd6f-46dbd22219c3,69991ff1-46ef-4c31-a2f5-0a2ab46909e2_003.wav
838e120d-c2a2-48a6-912c-982b3bf50adb,7d8d47e3-f69e-46ad-b797-b95c5b10cbec_002.wav
2e7b9159-f33e-45c6-b8ab-0cedf16500cb,75c5c488-92cf-4e1c-a751-08b6fa5c5c64_007.wav
199997f5-596b-4e9c-abe3-f5155fb4f681,c685f396-f2e2-4b61-bdde-1c9cb5464f3d_006.wav
099f489a-a54d-445f-9445-91570a8e2b26,c685f396-f2e2-4b61-bdde-1c9cb5464f3d_012.wav
10c61653-3d8e-460d-9a1f-df8746f06890,82a99845-65f4-473d-891c-37ac3cb98566_005.wav
c19bead9-c3dc-449c-943e-598bc038819d,75c5c488-92cf-4e1c-a751-08b6fa5c5c64_013.wav
1a149f41-567d-457a-b442-e6e72789768b,c685f396-f2e2-4b61-bdde-1c9cb5464f3d_013.wav
47fa2e40-4f8b-4dff-976b-5f87ecde0d25,75c5c488-92cf-4e1c-a751-08b6fa5c5c64_012.wav
507dde3e-7add-4ebe-a531-9f99137b9821,82a99845-65f4-473d-891c-37ac3cb98566_004.wav
a0f38d83-38f3-4d28-b171-feacff0d0812,75c5c488-92cf-4e1c-a751-08b6fa5c5c64_006.wav
8b847534-fe12-4f6a-a647-763d3e0f6b87,c685f396-f2e2-4b61-bdde-1c9cb5464f3d_007.wav
95924254-08fd-4e6b-8f26-4cad5f03d772,69991ff1-46ef-4c31-a2f5-0a2ab46909e2_002.wav
fa8199d1-f693-4d42-ad2b-a70d0818c66c,96dba3d1-f994-4861-b962-f81a2bb86b8c_004.wav
5153c9f0-de43-408d-b887-644b867727e9,7d8d47e3-f69e-46ad-b797-b95c5b10cbec_003.wav
916afefe-6758-4e8d-8d77-d7fcbb026b4f,7d8d47e3-f69e-46ad-b797-b95c5b10cbec_017.wav
32feb26f-06f2-4ef9-9558-fb63c4a7145f,96dba3d1-f994-4861-b962-f81a2bb86b8c_010.wav
9df67712-93ef-44c9-81ae-585f20bd2445,c1ec13a3-0922-4767-bc7d-6e511914c552_002.wav
ff2e283f-13e8-49da-96b2-b4db392e6caf,4bf8850e-8f17-4fe3-926e-d271f6c47bc0_003.wav
0853a00d-f396-41a8-b04e-ad267168adb5,4bf8850e-8f17-4fe3-926e-d271f6c47bc0_017.wav
ce85eb55-1191-4d69-9951-b287a070146a,5b0fd660-e257-4ed7-8b4a-e9d44d922c40_026.wav
cbff84ac-c949-4b6e-aa6b-60ba5919cbb8,edecab07-2661-4ad8-8792-5d6a0e27e8c0_027.wav
ebeb96c7-d8fe-4c1d-9ae1-a2df9cd3ec08,02d7c86a-4cd4-4de6-84e8-3607120d3e93_000.wav
aa075ded-4110-41f5-acfc-d928338192c8,88606a09-9548-4684-b1fd-73488e9ac57f_015.wav
80c4bc8e-8887-4973-aa7e-1b9782293512,02d7c86a-4cd4-4de6-84e8-3607120d3e93_014.wav
c3c999e9-40da-4a5d-9b86-c5adc01c65c3,88e0154d-3f84-4da7-871b-e85e1e17b9a1_008.wav
c31c1e3c-3473-4eb9-860c-a5997ec25396,88606a09-9548-4684-b1fd-73488e9ac57f_001.wav
3250cf27-1f6a-4003-8134-19eeae066416,6f01d115-bdfb-4266-bf7e-e7a1b930c6bb_005.wav
54ddd95f-93de-45e2-b969-e4e695add6a6,c4e1f99c-b89a-4e38-87ae-a97cbebcb79a.wav
5cc7daba-59be-4058-82a7-af386b613326,62fd51e6-3409-44c9-b638-5d53d873c901_013.wav
5d28a1ac-8c15-4d23-96a6-0a14ab827283,ffc36b41-3e84-4784-9216-958884ab5b35_001.wav
a9cb04a0-2185-4572-8ac2-3d100b8ea2ad,62fd51e6-3409-44c9-b638-5d53d873c901_007.wav
1510f132-2a64-469b-871b-c120c8fabeeb,2b8f1c17-0e48-467f-b90d-074b1ad3bb29_001.wav
9789862d-09aa-4911-b4ca-4f4c68b4a402,7383d55c-d776-4888-a4f9-e985c4e82037_001.wav
e4a63326-f867-48cc-a937-46d78c517c1a,c3afed56-73c2-4413-a81a-783022a0fa24_000.wav
796ec07c-3131-42cc-bc65-bce04264f693,c3afed56-73c2-4413-a81a-783022a0fa24_014.wav
dcf29b80-ece7-4f8f-89fa-76383561a991,575c0ab7-0f6e-43fb-bf7c-884e22b9fa58_001.wav
ab1c788d-2969-4689-bbbd-fc773e8248f5,d9e35b00-cac3-4c83-a38e-11b4e244e536_014.wav
1c74fa05-5961-4191-9147-a0ef8cafec38,575c0ab7-0f6e-43fb-bf7c-884e22b9fa58_015.wav
a4decff9-473c-4ce9-bf1d-b7ec4aa9208f,d9e35b00-cac3-4c83-a38e-11b4e244e536_000.wav
1c743757-83d0-49a4-b74b-b9a9646b8231,7a5b0f95-7e55-421a-981c-6b4f7030f1bb_008.wav
c9fe8e0c-c0d9-437e-82f0-4b0a34ab44e0,5ed4f9f9-7e4b-4208-b69f-aee48f3a13c0_001.wav
2aa29595-d5e0-4f33-be95-a1d994b113a1,f1200937-e1d0-410b-97e5-e3cf5a8a583c_010.wav
d693b857-9a72-4795-9067-924d73d12067,f1200937-e1d0-410b-97e5-e3cf5a8a583c_004.wav
ddc88eb4-e4ce-40cf-968f-7c2c320058c5,76e1c698-40f4-4f28-a1d8-09fc9726a4c1_003.wav
27be1a8a-7e15-4316-92c8-cad63dfd6200,863b730b-b2e1-476f-80da-2ecb0cd16aa6_000.wav
edba2d13-fb95-4175-aebc-8e7fe6484d4e,cb9a4b0d-f1d9-428c-a1a5-01cd39888818_000.wav
bc01413d-bc6c-4e96-ae0e-f837d9a8262d,f1200937-e1d0-410b-97e5-e3cf5a8a583c_009.wav
e49e947d-8391-4f2b-b1f3-f375f74e06d5,7a5b0f95-7e55-421a-981c-6b4f7030f1bb_005.wav
b9242603-f0a8-4d61-bedc-bb286fdaf41e,626109f1-f8e5-4bb6-871b-b8b51fe87f44_001.wav
d553bb4f-f1bf-4f6e-86f5-eb778ccde709,7a5b0f95-7e55-421a-981c-6b4f7030f1bb_011.wav
7abf6fa9-47e8-4114-b7de-088aaa7ecbe0,75d2b2dd-d71a-4b1c-b531-8ebd3e98a87d_012.wav
9fad6122-3665-4d39-b3b6-ff878c2fdf58,75d2b2dd-d71a-4b1c-b531-8ebd3e98a87d_006.wav
76d49b66-7878-4aee-9240-638764df2c45,c3afed56-73c2-4413-a81a-783022a0fa24_019.wav
f2b814d9-a963-4e9a-8d8f-2de1b0d12895,cbcb6f5f-7678-406a-8e0a-fff3bb17f43d_003.wav
a90f8033-08be-406f-a10d-ad229d31f32d,edecab07-2661-4ad8-8792-5d6a0e27e8c0_016.wav
31091254-b085-4252-bc02-937ae2e661ea,edecab07-2661-4ad8-8792-5d6a0e27e8c0_002.wav
7202e103-08d5-4070-9a68-42fafe1b6843,24343311-f0e2-4ca0-a20c-85b0a0008795_003.wav
93da4e33-9355-4b8b-8b55-21836c757a49,6f01d115-bdfb-4266-bf7e-e7a1b930c6bb_008.wav
75f1aa4c-8e16-40d3-8fd1-ea13dc702b66,cdcc62ed-5e44-415a-875f-58f88df0b756_004.wav
3c95f4b9-77a8-44ae-915c-deb41df3be19,88606a09-9548-4684-b1fd-73488e9ac57f_018.wav
f7ef6941-37b7-49b4-9502-d70cf339cd2a,88e0154d-3f84-4da7-871b-e85e1e17b9a1_005.wav
1f581b79-a1f0-4a87-9d52-8d33cc370b86,fb2a4ae8-def8-417d-bda5-77f9acb1bc75_000.wav
ffc611f2-e85f-415c-a885-f38eee9a38cb,fb2a4ae8-def8-417d-bda5-77f9acb1bc75_014.wav
faedef57-0396-46d6-bed2-52c94ce650b9,9f427b8d-f0ca-44fc-8714-b89266828de9_005.wav
f807f51c-ca78-4a25-abb6-8b8356d27be4,5b0fd660-e257-4ed7-8b4a-e9d44d922c40_017.wav
808b018b-81e0-4050-9479-f5118be4b89f,5b0fd660-e257-4ed7-8b4a-e9d44d922c40_003.wav
bffee596-56b9-4437-8fca-64319b0cada7,35dd5cfa-2d90-4d10-acae-06e676046094_003.wav
ce9e1840-89c0-4d7b-8e23-14be7d6a7076,fc0b95f9-653b-40b1-838c-8472f9d15637_002.wav
d82f9377-f70a-48cf-b3b8-e3c721b4dd6b,96dba3d1-f994-4861-b962-f81a2bb86b8c_009.wav
3ef217de-843b-4db4-8d58-c31d3a6632e5,c53a198f-1e83-4446-b626-56de91563d6d_007.wav
a14fdfc9-d0ae-45ea-b8b2-223be3df5943,c53a198f-1e83-4446-b626-56de91563d6d_006.wav
c712877b-9181-43bd-8af0-bc183b933645,96dba3d1-f994-4861-b962-f81a2bb86b8c_008.wav
f320002b-598a-472b-b677-a6d753ea371a,35dd5cfa-2d90-4d10-acae-06e676046094_002.wav
56c33e69-de05-4c2b-abc7-9082317a1fb4,fc0b95f9-653b-40b1-838c-8472f9d15637_003.wav
3ce83eb9-9179-4093-b1fd-74ea024a0f98,5b0fd660-e257-4ed7-8b4a-e9d44d922c40_002.wav
79880f54-73eb-4aec-9af9-781618cc3d5f,5b0fd660-e257-4ed7-8b4a-e9d44d922c40_016.wav
8891bc4c-0c28-4a72-b534-e2fbd2b76cc8,fb2a4ae8-def8-417d-bda5-77f9acb1bc75_015.wav
4efd56ef-73d9-48bf-aaca-a1b0c49f9817,9f427b8d-f0ca-44fc-8714-b89266828de9_004.wav
3d68964a-3914-47e7-a0b4-7b89a66b26c1,fb2a4ae8-def8-417d-bda5-77f9acb1bc75_001.wav
e85fc5a4-8968-4f4b-94f7-3f67a3b61e27,88e0154d-3f84-4da7-871b-e85e1e17b9a1_004.wav
ab1c8608-fd2b-41d1-9175-16ae6c181baf,cdcc62ed-5e44-415a-875f-58f88df0b756_005.wav
90c8ea50-7fb8-4fc3-a988-3cf99b574889,88606a09-9548-4684-b1fd-73488e9ac57f_019.wav
5fb430e0-b763-4061-953d-6e796cffa600,24343311-f0e2-4ca0-a20c-85b0a0008795_002.wav
90cd634a-b283-442f-a58c-904104d877a9,edecab07-2661-4ad8-8792-5d6a0e27e8c0_003.wav
f9f1ac5e-72d7-40e9-8f99-d0eebfafc424,edecab07-2661-4ad8-8792-5d6a0e27e8c0_017.wav
60f864cf-4f85-47ee-9141-cdf76325749c,cbcb6f5f-7678-406a-8e0a-fff3bb17f43d_002.wav
17c31a84-ab8f-4542-82f6-27bd73fa8b8f,75d2b2dd-d71a-4b1c-b531-8ebd3e98a87d_007.wav
3d4f4f86-b539-4522-95fb-dd5adcc59ac2,c3afed56-73c2-4413-a81a-783022a0fa24_018.wav
8fb35f3f-2f33-4441-8688-94f9c5202ea6,75d2b2dd-d71a-4b1c-b531-8ebd3e98a87d_013.wav
0e14f33a-c955-43ec-9f2b-72c5ba9c4781,7a5b0f95-7e55-421a-981c-6b4f7030f1bb_010.wav
33194256-6699-4516-97ed-39d4298b84ce,7a5b0f95-7e55-421a-981c-6b4f7030f1bb_004.wav
9a318fd4-323b-4d10-9377-455acf28d331,626109f1-f8e5-4bb6-871b-b8b51fe87f44_000.wav
b742dafd-0ef6-43a7-ae08-ab2edb9fa039,cb9a4b0d-f1d9-428c-a1a5-01cd39888818_001.wav
e8d76784-9dc7-4415-8210-e8205f06eef9,f1200937-e1d0-410b-97e5-e3cf5a8a583c_008.wav
4ccd7074-fc99-4532-b5b9-8c5dc1d3a84c,f1200937-e1d0-410b-97e5-e3cf5a8a583c_020.wav
c4e23a8d-f345-46e8-994a-46a5afc90885,7a5b0f95-7e55-421a-981c-6b4f7030f1bb_012.wav
f5687327-e12b-4a2c-b8c7-a980c5e56d92,626109f1-f8e5-4bb6-871b-b8b51fe87f44_002.wav
6dd939c7-bb14-431f-a6ea-2fea864c94ed,7a5b0f95-7e55-421a-981c-6b4f7030f1bb_006.wav
b6c43951-0740-4f58-82a6-0c08bdf75bf1,75d2b2dd-d71a-4b1c-b531-8ebd3e98a87d_005.wav
2f422fc6-5829-452b-bb36-871ede540f78,75d2b2dd-d71a-4b1c-b531-8ebd3e98a87d_011.wav
25d22f84-7a3b-4b34-aa58-e336c0352355,62fd51e6-3409-44c9-b638-5d53d873c901_009.wav
81e553f2-ffca-424e-95fd-9a0301370884,cbcb6f5f-7678-406a-8e0a-fff3bb17f43d_000.wav
9333a5ac-a982-4086-95a1-4f81540b968b,cbcb6f5f-7678-406a-8e0a-fff3bb17f43d_014.wav
9f7425ff-1ced-45c6-8a43-2a18430393df,a4e127b5-7523-4361-8d71-4e97a4b3d5e7_004.wav
55da2336-fcc1-4367-ab55-caefe89dd636,edecab07-2661-4ad8-8792-5d6a0e27e8c0_001.wav
9dbf091d-70da-4985-8c35-f127e9a11ed2,24343311-f0e2-4ca0-a20c-85b0a0008795_000.wav
21a21f6f-ea1d-46fc-89bd-a15e8018965a,edecab07-2661-4ad8-8792-5d6a0e27e8c0_015.wav
ef020319-5cb9-4dc6-8a8c-6389accc7b76,88e0154d-3f84-4da7-871b-e85e1e17b9a1_006.wav
60f71d43-e463-4aa5-85e1-aa1f273135e9,edecab07-2661-4ad8-8792-5d6a0e27e8c0_029.wav
9d85d9ab-06b0-4a16-aece-f209f9716278,cdcc62ed-5e44-415a-875f-58f88df0b756_007.wav
cf828601-88e4-4390-a7cc-444e4d339319,fb2a4ae8-def8-417d-bda5-77f9acb1bc75_017.wav
0f6da0b1-df06-4da9-9277-3d0e7dda206d,5b0fd660-e257-4ed7-8b4a-e9d44d922c40_028.wav
b1559c96-3dd6-4c91-aa66-c3e09d8ce9f4,fb2a4ae8-def8-417d-bda5-77f9acb1bc75_003.wav
8bbd30e2-1e1e-45a1-803b-ff70bf8e559f,5b0fd660-e257-4ed7-8b4a-e9d44d922c40_000.wav
9518bcf8-1869-498b-a0bd-473f2c70961f,745f220a-c786-48a3-a491-d53b0cec8308_005.wav
76a76ce6-8d2a-4ead-b406-8125e1c77624,5b0fd660-e257-4ed7-8b4a-e9d44d922c40_014.wav
f52aa0ad-90ba-4968-8db3-1ec93b0a11ec,fc0b95f9-653b-40b1-838c-8472f9d15637_001.wav
bca4fb89-597e-42df-9ec6-98b925876858,35dd5cfa-2d90-4d10-acae-06e676046094_000.wav
92188e3b-1eae-43e6-8a8b-7e8ea810dffc,4e78a85c-80fe-435d-92e2-6c1e6feae88a_004.wav
9f866368-1619-41ca-b8a0-d44c6719adcf,7d8d47e3-f69e-46ad-b797-b95c5b10cbec_019.wav
46f053b0-a9f1-49a6-8448-58255ab56cfc,c685f396-f2e2-4b61-bdde-1c9cb5464f3d_009.wav
1c20dc8b-f0a6-49ed-8500-c0a3dd29463b,c53a198f-1e83-4446-b626-56de91563d6d_004.wav
8e485fbf-ecea-49d7-bfbe-794a7ad4a239,75c5c488-92cf-4e1c-a751-08b6fa5c5c64_008.wav
ecfb881a-b45a-4cf3-8ea4-a70eb6b33aef,c53a198f-1e83-4446-b626-56de91563d6d_005.wav
3ef9fb20-09ce-4b80-aa4f-ff40a171e8c0,c685f396-f2e2-4b61-bdde-1c9cb5464f3d_008.wav
f6d152f4-e158-4210-b8af-6c093f6ca334,75c5c488-92cf-4e1c-a751-08b6fa5c5c64_009.wav
eec2c1d8-d676-4f0a-8003-d87eb8467cc3,7d8d47e3-f69e-46ad-b797-b95c5b10cbec_018.wav
9f6cdacc-3d86-4278-8386-d539d29b5260,fc0b95f9-653b-40b1-838c-8472f9d15637_000.wav
43495318-6de1-4fba-ba32-af4cc9d1ca45,35dd5cfa-2d90-4d10-acae-06e676046094_001.wav
fa88f6b1-2839-4179-8769-f925f77c4e6d,5b0fd660-e257-4ed7-8b4a-e9d44d922c40_015.wav
ce24e09a-07b0-4755-bcef-3a8d9388bbca,745f220a-c786-48a3-a491-d53b0cec8308_004.wav
57389574-ceef-4240-9a01-b9dc0da0bbd0,5b0fd660-e257-4ed7-8b4a-e9d44d922c40_001.wav
83463c31-d1a7-478e-9e09-e199d22c694d,fb2a4ae8-def8-417d-bda5-77f9acb1bc75_002.wav
e1e350eb-06fc-43f3-9b11-d890eb860602,fb2a4ae8-def8-417d-bda5-77f9acb1bc75_016.wav
2b2da768-875a-46be-840d-eaf369923df3,edecab07-2661-4ad8-8792-5d6a0e27e8c0_028.wav
c52c8dc5-bea8-420f-9142-1e441cf85984,cdcc62ed-5e44-415a-875f-58f88df0b756_006.wav
1ec2ca44-ee3d-4233-b859-052d81d5e8d5,88e0154d-3f84-4da7-871b-e85e1e17b9a1_007.wav
4d8582fa-4e22-4872-ab55-7c62f76386bf,edecab07-2661-4ad8-8792-5d6a0e27e8c0_014.wav
0dc33301-36a4-48b1-8753-ec48d2cd2681,24343311-f0e2-4ca0-a20c-85b0a0008795_001.wav
3e2d6474-d590-4c7d-a0ee-5477c6f6a10e,edecab07-2661-4ad8-8792-5d6a0e27e8c0_000.wav
58dc7ed1-bdf8-4263-bb3b-845661a0b8f6,a4e127b5-7523-4361-8d71-4e97a4b3d5e7_005.wav
002a4807-1d4a-4997-963c-687789b8fdac,cbcb6f5f-7678-406a-8e0a-fff3bb17f43d_015.wav
de7dd69a-fb65-400d-82ed-6b1a1c840182,62fd51e6-3409-44c9-b638-5d53d873c901_008.wav
cb2a5916-0a38-4393-877a-86c1c41da462,cbcb6f5f-7678-406a-8e0a-fff3bb17f43d_001.wav
828e192e-17dd-4025-a1f8-0ba95345650b,75d2b2dd-d71a-4b1c-b531-8ebd3e98a87d_010.wav
368e88e5-c3e9-47b6-bb95-12215289c0bb,75d2b2dd-d71a-4b1c-b531-8ebd3e98a87d_004.wav
bf7cf0ee-95f0-43c9-87a2-274ebc75a264,626109f1-f8e5-4bb6-871b-b8b51fe87f44_003.wav
955d5616-b92d-457c-8c23-2ef13433c252,7a5b0f95-7e55-421a-981c-6b4f7030f1bb_007.wav
6861d696-0cee-4256-b828-f22705a7f351,7a5b0f95-7e55-421a-981c-6b4f7030f1bb_013.wav
86ce39dc-d479-42d7-8d4a-e5ccefe87de0,76e1c698-40f4-4f28-a1d8-09fc9726a4c1_008.wav
0610ded9-71ce-4507-bed6-dcbfffc50b4b,7a5b0f95-7e55-421a-981c-6b4f7030f1bb_003.wav
ed9161ac-f56b-4210-9704-88a378a0e47d,75d2b2dd-d71a-4b1c-b531-8ebd3e98a87d_000.wav
90a5ebc7-ffa8-4df7-97b6-ef20688f2fbc,cbcb6f5f-7678-406a-8e0a-fff3bb17f43d_005.wav
19c51713-1842-4ee0-8867-5c07e8ff0225,cbcb6f5f-7678-406a-8e0a-fff3bb17f43d_011.wav
c03992fb-3196-47cd-8f1c-96029ba83fde,88e0154d-3f84-4da7-871b-e85e1e17b9a1_003.wav
9ef66675-b31b-4b29-a5e4-9de6a73159c7,cdcc62ed-5e44-415a-875f-58f88df0b756_002.wav
ebd3e287-56b1-4f35-a2de-020aa278122f,a4e127b5-7523-4361-8d71-4e97a4b3d5e7_001.wav
41612828-88d2-40d5-b01a-402a7dbddbe6,edecab07-2661-4ad8-8792-5d6a0e27e8c0_004.wav
5b826912-033b-460b-b9ae-ba74ed6db44e,24343311-f0e2-4ca0-a20c-85b0a0008795_005.wav
ba417b70-8b9f-4610-ad82-d3d0473978b6,edecab07-2661-4ad8-8792-5d6a0e27e8c0_010.wav
a2d1c308-c523-4a2a-944f-89e0cde70813,5b0fd660-e257-4ed7-8b4a-e9d44d922c40_005.wav
76a93490-5239-47c6-8d18-534505f7798e,4bf8850e-8f17-4fe3-926e-d271f6c47bc0_008.wav
bdf35b90-6f46-48b1-b2c3-ac3fac0418b1,745f220a-c786-48a3-a491-d53b0cec8308_000.wav
bb392454-f2c0-406f-8dab-90c0a7624d7a,5b0fd660-e257-4ed7-8b4a-e9d44d922c40_011.wav
d9bbad7c-4e0c-4077-aaa8-2a091d3836cc,fb2a4ae8-def8-417d-bda5-77f9acb1bc75_012.wav
0403c2bc-6248-433d-aa44-0529ee43e51f,9f427b8d-f0ca-44fc-8714-b89266828de9_003.wav
6479e14d-b7f7-4c99-b978-74618ee4ac55,fb2a4ae8-def8-417d-bda5-77f9acb1bc75_006.wav
f4888c89-c16a-46f2-a1fd-f64812c94611,4e78a85c-80fe-435d-92e2-6c1e6feae88a_001.wav
3c28a6ae-493f-46f1-abcb-2721d0c48f76,35dd5cfa-2d90-4d10-acae-06e676046094_005.wav
75d88a33-cd5c-47a3-aca8-fcce2f40bfad,c53a198f-1e83-4446-b626-56de91563d6d_001.wav
f7b626c5-fa87-44e7-86b1-c5a4e7f3a7b7,75c5c488-92cf-4e1c-a751-08b6fa5c5c64_019.wav
525f547d-a58e-47ca-9571-5464e4d4afdd,69991ff1-46ef-4c31-a2f5-0a2ab46909e2_009.wav
8440c86c-e30f-4c14-be1c-52eb678219b8,7d8d47e3-f69e-46ad-b797-b95c5b10cbec_008.wav
dca39516-5625-4fb6-b379-3ebf58391552,69991ff1-46ef-4c31-a2f5-0a2ab46909e2_008.wav
71e18c4e-eb76-42ba-9e88-a92b77b305ff,7d8d47e3-f69e-46ad-b797-b95c5b10cbec_009.wav
44a0b9dd-ff2d-49d8-b618-84325db481f2,af60b40b-f4b3-4891-aeff-ee3898d089b0_002.wav
55582c51-25c7-4baa-9e7e-b1a740dfd2ee,75c5c488-92cf-4e1c-a751-08b6fa5c5c64_018.wav
6e5f2324-adb2-49cf-bf75-25e390d914e0,c53a198f-1e83-4446-b626-56de91563d6d_000.wav
e9b5bcd2-1a22-4fda-b8a7-99a7316ac129,a6adfba1-e49d-44c8-aa60-78c9be0502da_002.wav
7263270f-d7bb-44ca-947a-cff3bbfe32e4,35dd5cfa-2d90-4d10-acae-06e676046094_004.wav
d792a2e4-bc18-4232-bf24-3c51f483d4c8,4e78a85c-80fe-435d-92e2-6c1e6feae88a_000.wav
956bb806-410f-4e5f-95b0-3234db80f8a4,fb2a4ae8-def8-417d-bda5-77f9acb1bc75_007.wav
f5ab29bf-4374-4cbc-b63d-be4be1f5e124,fb2a4ae8-def8-417d-bda5-77f9acb1bc75_013.wav
eecb1a44-230b-4a8c-a00b-6a3f99337f14,9f427b8d-f0ca-44fc-8714-b89266828de9_002.wav
7f6874b8-4af0-49be-a6d3-e96567b08296,4bf8850e-8f17-4fe3-926e-d271f6c47bc0_009.wav
0571d1de-cd85-4dca-8cc4-da430933fa1c,5b0fd660-e257-4ed7-8b4a-e9d44d922c40_010.wav
8cb021e7-f7aa-4e55-b723-d42788695ff5,745f220a-c786-48a3-a491-d53b0cec8308_001.wav
613c124a-ea5b-4bcf-8a16-cd2e8bd9c36b,5b0fd660-e257-4ed7-8b4a-e9d44d922c40_004.wav
e78a9aee-feb7-4f37-96d6-e304568dce68,edecab07-2661-4ad8-8792-5d6a0e27e8c0_011.wav
f5c0c342-7cda-4580-8eb9-e61890f521ad,24343311-f0e2-4ca0-a20c-85b0a0008795_010.wav
f18493f9-e081-4988-8e80-103c26e37f0d,24343311-f0e2-4ca0-a20c-85b0a0008795_004.wav
f88d8078-4fee-4786-88cc-c4252ea558a4,edecab07-2661-4ad8-8792-5d6a0e27e8c0_005.wav
ccce1428-2db9-44a4-89ee-9f60eb3a6438,a4e127b5-7523-4361-8d71-4e97a4b3d5e7_000.wav
95204d56-fe9f-484b-a98a-6f092147e688,cdcc62ed-5e44-415a-875f-58f88df0b756_003.wav
d14bcdfb-ecbc-4339-a6ae-2843484b0e13,88e0154d-3f84-4da7-871b-e85e1e17b9a1_002.wav
69152f8f-7533-4280-8b5b-013d3f0f5b04,cbcb6f5f-7678-406a-8e0a-fff3bb17f43d_010.wav
046c5c5e-85bd-4e86-852c-e4ed7fd633f0,cbcb6f5f-7678-406a-8e0a-fff3bb17f43d_004.wav
5cfba009-a6f6-4e44-9f3f-988362b060a1,75d2b2dd-d71a-4b1c-b531-8ebd3e98a87d_001.wav
1ef4feb6-3cb2-4914-b84d-82ebab183cf4,5058b71b-6bfc-4653-9fef-ae4448848843.wav
b3dfb4d0-2aaa-4f32-aad3-7c268de26a4b,7a5b0f95-7e55-421a-981c-6b4f7030f1bb_002.wav
c53764d4-77c8-4c8d-81a2-f56900e383c8,626109f1-f8e5-4bb6-871b-b8b51fe87f44_006.wav
68420dbb-1d22-426e-9625-c79c9e878366,76e1c698-40f4-4f28-a1d8-09fc9726a4c1_009.wav
70d90573-06e5-4c43-a286-37828d607a2d,f1200937-e1d0-410b-97e5-e3cf5a8a583c_018.wav
1faa7c58-b419-4a14-985a-ce022435e856,575c0ab7-0f6e-43fb-bf7c-884e22b9fa58_009.wav
8a2b9d8b-6d7a-4762-9527-f6760a1bd5ed,d9e35b00-cac3-4c83-a38e-11b4e244e536_008.wav
6d59376a-de9c-4122-a98b-27636a78b31f,626109f1-f8e5-4bb6-871b-b8b51fe87f44_004.wav
e37e599a-ec41-4b9f-8614-52efaaae77d5,7a5b0f95-7e55-421a-981c-6b4f7030f1bb_000.wav
72e6f7f2-19f1-4bf7-828e-fc41ab7ae52e,7a5b0f95-7e55-421a-981c-6b4f7030f1bb_014.wav
038fb47e-dcfc-4d65-ab75-7100401b8308,c3afed56-73c2-4413-a81a-783022a0fa24_020.wav
d2afdea9-2395-4dbe-b716-5925eaa23553,2b8f1c17-0e48-467f-b90d-074b1ad3bb29_009.wav
8f96d0d1-ffe7-482a-80fb-117dd4d0be7d,c3afed56-73c2-4413-a81a-783022a0fa24_008.wav
d29f4072-587c-4270-83f1-3dc0c2b6e4ad,7383d55c-d776-4888-a4f9-e985c4e82037_009.wav
4702cc7c-232c-4747-b94c-f46439d94f2d,75d2b2dd-d71a-4b1c-b531-8ebd3e98a87d_003.wav
40c4b3b6-20b2-4fc6-9990-70f68fa32185,cbcb6f5f-7678-406a-8e0a-fff3bb17f43d_012.wav
66ff9df1-5952-41ea-83bd-09499fbc279d,cbcb6f5f-7678-406a-8e0a-fff3bb17f43d_006.wav
a6a55517-3614-4f91-a223-ec61082f6a90,ffc36b41-3e84-4784-9216-958884ab5b35_009.wav
6039b9a4-9da1-4d72-b2ba-706dc50bdd67,02d7c86a-4cd4-4de6-84e8-3607120d3e93_008.wav
cc491f87-d622-4f90-9c53-49ac5eb44a7e,cdcc62ed-5e44-415a-875f-58f88df0b756_001.wav
f2f1d8ed-a0d7-461c-a44f-6cc3cd66c64a,88606a09-9548-4684-b1fd-73488e9ac57f_009.wav
de693909-8af5-4da4-b515-08b47d603781,88e0154d-3f84-4da7-871b-e85e1e17b9a1_000.wav
462f8830-5439-4284-8215-7c0c873c184e,88606a09-9548-4684-b1fd-73488e9ac57f_021.wav
18f06cc0-9e11-459e-821e-68f16b52a07e,edecab07-2661-4ad8-8792-5d6a0e27e8c0_013.wav
962941c9-fa2a-4f1d-b410-ce1857c9d60a,a4e127b5-7523-4361-8d71-4e97a4b3d5e7_002.wav
a9ea2c77-9d13-4bbd-a4df-a878d2338cfa,edecab07-2661-4ad8-8792-5d6a0e27e8c0_007.wav
ea16c411-4814-45d0-ab26-6ae4b67f83e4,24343311-f0e2-4ca0-a20c-85b0a0008795_006.wav
64d92ef5-e5de-49f8-ab2d-0db588bb00bf,745f220a-c786-48a3-a491-d53b0cec8308_003.wav
8bc8e7d0-8069-4f08-86bc-b5f21957a01a,5b0fd660-e257-4ed7-8b4a-e9d44d922c40_012.wav
ee43f542-3f79-4678-ba01-33bf059b54a4,5b0fd660-e257-4ed7-8b4a-e9d44d922c40_006.wav
300a0ace-2cc9-40e5-8337-f6edad49d152,fb2a4ae8-def8-417d-bda5-77f9acb1bc75_005.wav
b0ed2aaa-b51d-42b1-8b67-d7e90bb11e56,9f427b8d-f0ca-44fc-8714-b89266828de9_000.wav
cb234d23-70bb-49d4-8220-391797700034,fb2a4ae8-def8-417d-bda5-77f9acb1bc75_011.wav
38131f80-e4ba-486c-bbd0-8cde8a078a68,4e78a85c-80fe-435d-92e2-6c1e6feae88a_002.wav
d652d759-760d-4ec3-a655-84073da83bb8,a6adfba1-e49d-44c8-aa60-78c9be0502da_000.wav
30fd7853-25bf-4f15-a100-aa9e3c547d1e,c53a198f-1e83-4446-b626-56de91563d6d_002.wav
8711c342-d4b3-43e2-b08a-e9625b15e4ea,af60b40b-f4b3-4891-aeff-ee3898d089b0_000.wav
9967cc59-3128-4cb9-b7c9-0efa3dc0c9ab,af60b40b-f4b3-4891-aeff-ee3898d089b0_001.wav
1616f198-34f3-424b-9501-7443c95b09cb,c53a198f-1e83-4446-b626-56de91563d6d_003.wav
c6122c0e-a07b-4e2a-9639-a9d26e22eecd,a6adfba1-e49d-44c8-aa60-78c9be0502da_001.wav
4a00c1f1-5ac5-431d-a330-d616e2b996b3,metadata.csv
f17f5b10-7ba0-4ab1-9410-636fdbec86d5,4e78a85c-80fe-435d-92e2-6c1e6feae88a_003.wav
f0e1a5cd-f6a6-40d7-8b74-147afcf463fa,9f427b8d-f0ca-44fc-8714-b89266828de9_001.wav
2bb3695f-8b72-43a6-8cbc-7948d4245189,fb2a4ae8-def8-417d-bda5-77f9acb1bc75_010.wav
70f44a09-188f-4f5c-a533-0fa31171d89c,fb2a4ae8-def8-417d-bda5-77f9acb1bc75_004.wav
e971e845-fbf4-4086-a76e-59e2e95b3162,5b0fd660-e257-4ed7-8b4a-e9d44d922c40_007.wav
b48b8c70-439f-4493-86b2-f15097f2336b,5b0fd660-e257-4ed7-8b4a-e9d44d922c40_013.wav
5917025a-cf18-45e5-9880-8c77eba1ddbf,745f220a-c786-48a3-a491-d53b0cec8308_002.wav
fd229d6f-11cc-4faa-aaa6-3266787b513e,24343311-f0e2-4ca0-a20c-85b0a0008795_007.wav
e19e7d1c-eee8-44a7-8933-67820b5e54c9,edecab07-2661-4ad8-8792-5d6a0e27e8c0_006.wav
d6f574c6-0283-494d-916f-33cc5246bb6c,a4e127b5-7523-4361-8d71-4e97a4b3d5e7_003.wav
30a1af38-639a-4195-9603-8f3d8c70a03b,edecab07-2661-4ad8-8792-5d6a0e27e8c0_012.wav
f05cb740-2825-4a03-8651-1388b5375cef,88606a09-9548-4684-b1fd-73488e9ac57f_020.wav
ff9ddeef-0bc5-465c-9b89-6d408ee5c6a6,88e0154d-3f84-4da7-871b-e85e1e17b9a1_001.wav
1cc6b4bf-a108-4472-bbcb-a2a4bb3fff65,88606a09-9548-4684-b1fd-73488e9ac57f_008.wav
412bb7ef-6c28-483c-a032-e08b02674005,02d7c86a-4cd4-4de6-84e8-3607120d3e93_009.wav
a2ad9804-03f2-4011-adfc-04162f5f8449,cdcc62ed-5e44-415a-875f-58f88df0b756_000.wav
c660a91d-46e0-4fc9-878e-685f3115cfc5,ffc36b41-3e84-4784-9216-958884ab5b35_008.wav
48385aad-2abf-4fd8-b107-4b3a14934fc9,cbcb6f5f-7678-406a-8e0a-fff3bb17f43d_007.wav
304ae6d8-90dd-4143-a4c0-a31e73b0cec2,cbcb6f5f-7678-406a-8e0a-fff3bb17f43d_013.wav
4ac134f9-f13e-4626-819b-3b7fe9da37c3,75d2b2dd-d71a-4b1c-b531-8ebd3e98a87d_002.wav
6a93e426-4b2b-487a-979f-71b48f30fa49,7383d55c-d776-4888-a4f9-e985c4e82037_008.wav
c8f94cd7-ef50-4d48-8961-7e8f09c71a4a,c3afed56-73c2-4413-a81a-783022a0fa24_009.wav
bfe14144-7ded-49d4-b541-ee7e846a6eee,2b8f1c17-0e48-467f-b90d-074b1ad3bb29_008.wav
ba221ebc-52af-4a74-a059-d915fc34f0c0,626109f1-f8e5-4bb6-871b-b8b51fe87f44_005.wav
c3e7a3d6-aeb4-4621-9c20-5f37e17f9cca,7a5b0f95-7e55-421a-981c-6b4f7030f1bb_001.wav
cc1b11df-93a6-4de9-a6bf-04519448b854,d9e35b00-cac3-4c83-a38e-11b4e244e536_009.wav
fa77db52-c9a7-4d72-9884-14d313d98b61,575c0ab7-0f6e-43fb-bf7c-884e22b9fa58_008.wav
bfbe823e-bb2b-4477-aaf1-18e4ee749143,f1200937-e1d0-410b-97e5-e3cf5a8a583c_019.wav
85dbabf3-dcca-4369-a36c-4ff8b1f676b3,f45da22e-fd72-4bbe-aa03-0510836a7459_003.wav
80a66598-3b24-4c29-aa30-9cacd963eb7c,d131c113-ffa1-429c-9a1c-340fa8235f41_004.wav
c706dde0-cb47-40fa-8f2e-67c17316fc27,8bbfa9a3-bc15-4cf9-b362-03ef2e8ad5ad_023.wav
370b5bf4-f351-4b2b-980a-627d080e356b,62c203a3-5d1d-4b15-ad3a-6dbbb64bc69f_002.wav
91f9e854-05bb-47bd-84e2-56f58f5a50d6,7ba8e381-84d4-4c27-905e-9732eda463a5_018.wav
3bc32cbb-059b-4f73-8d96-e7fb6b72d4ac,b3b3e1b2-bd36-40d1-ac21-3c8c140d9e67_009.wav
a7906fcc-8d05-46ee-b4de-7dc87c0ba734,0a744395-5ff5-4e8b-8a43-39c84b738313_002.wav
d4695c11-6368-46e4-9e19-c2653cd58403,e3629402-541e-4baa-bb77-cc1beee613e1_003.wav
13436901-19b4-4f82-be8a-11eed0501867,cfd2749c-e693-415d-a77d-4dfaaa5665e6_000.wav
d879dc70-1d6e-478b-b7a7-092acd00f62c,6cd24d74-3804-4502-b453-6ea9e1e76547_003.wav
2aa325d6-1d8b-44f4-856b-55d671916848,6cd24d74-3804-4502-b453-6ea9e1e76547_017.wav
f6cf3abe-aadb-49fb-a29e-66f89232b1d4,da0c6b13-77ff-41d4-818f-ca05bea1a8c5_001.wav
d65944a7-77d8-4310-a3a0-4b7111eac66b,d033299f-1579-49cd-977f-3e8bf8e2a336_010.wav
622d5bef-b287-41ef-9341-15e018d7da9f,f44e3e22-e45d-4193-911d-f39497f2ed10_001.wav
02c1a6e7-85eb-4443-8b42-7c29f716b348,f4deae44-6b88-4c28-b27d-fcac021f99ca_027.wav
c03a313b-9057-404d-a248-7288ed53cf31,d033299f-1579-49cd-977f-3e8bf8e2a336_004.wav
2c428259-260a-46ca-b57d-74cb9964d06b,8c6ce126-5417-4950-8ea2-1d19b9b48b8d_023.wav
d55d8815-e9e4-410a-bace-da41da7ddcdc,2c856450-0d6e-4372-8221-f37a8a2bf5a9_007.wav
ea8336b6-29af-4246-92e3-79884219e77d,5081475b-a731-446c-87d2-6d5c31289a33_002.wav
1231d928-020d-4f08-a2ac-f3e08ebbfdef,c0f4cff7-a9f0-4135-9c84-779e861309aa_004.wav
a493e7b7-101c-4825-ac6a-0849f7729ca1,86ed96db-9742-4510-8225-0d44054cd0d4_010.wav
79eedda5-8010-45bf-8716-e83d350b99c6,86ed96db-9742-4510-8225-0d44054cd0d4_004.wav
db7ed9a9-2fa6-42fa-b808-face49f9686a,c0f4cff7-a9f0-4135-9c84-779e861309aa_010.wav
fd43ede8-cdce-4cd1-b2a3-a4b5827d9d4c,2c856450-0d6e-4372-8221-f37a8a2bf5a9_013.wav
cd8cd1d9-be42-47ad-8cc9-e5de840c88f1,bda6d1ef-e1a3-436a-9d0e-00f52e37f46a_023.wav
d578f240-5bbc-422a-bfcb-62c94af9f76a,8ad721d0-f7e1-4724-9de1-751c2622dcc2_008.wav
1c964b97-e9a5-4053-aa65-16db26e60a9e,6a3e310f-8af2-4a0a-a995-82847f3c767a_004.wav
bf09524a-9342-4eef-8320-bf132f6cca3a,6a3e310f-8af2-4a0a-a995-82847f3c767a_010.wav
d5265a0f-34c3-47a5-87cf-02f7ab46a90a,ace25eba-7e9f-4f8f-a462-43de5e81e105_006.wav
ee26f3f7-b573-4aef-b84f-8e6227178d0a,5fa9639d-bbef-4399-ad86-ab375259e4e4_003.wav
97b13634-813e-47f7-b565-6f91cde96317,c635b4a0-6d71-4a60-8630-c5c905db0775_006.wav
b870d8f5-e8f7-42a1-869a-1f084a1bcccc,ace25eba-7e9f-4f8f-a462-43de5e81e105_012.wav
c1b46c55-fb0b-4d87-bb7a-f9ee03338e3a,ce28ba63-802e-4dfb-a002-6e62674adaa9_003.wav
7633f869-763f-47f7-875e-3e1ffa8d01b7,5b430040-55ab-4a0e-8ca4-d19163c88c38_003.wav
930cf99d-7b6c-49e8-851a-3b8ae11e75fd,c2f7aad0-0bb9-4433-9a54-55532ad8fdec_001.wav
6c57ffe4-a08b-4f61-b888-da8a984ad079,11afa18d-678a-47f9-8990-7ed8e1d53be4_019.wav
63b2f693-2ff6-4e56-9079-d7a88345b4e2,c2f7aad0-0bb9-4433-9a54-55532ad8fdec_015.wav
eefddc05-df39-4bc0-b543-1c42101ce714,11afa18d-678a-47f9-8990-7ed8e1d53be4_018.wav
affe7e17-41e4-41fe-88c2-41daf9ac4541,c2f7aad0-0bb9-4433-9a54-55532ad8fdec_014.wav
82d43496-ef3a-409f-bab3-32288ef87b18,c2f7aad0-0bb9-4433-9a54-55532ad8fdec_000.wav
70ca20d0-7f4e-459d-b3a8-ef4d69bdf324,5b430040-55ab-4a0e-8ca4-d19163c88c38_002.wav
936cf26c-0ac6-45aa-be6c-b30658c5fe41,ce28ba63-802e-4dfb-a002-6e62674adaa9_002.wav
69bea658-d0f9-4a09-864e-2206a8e05a29,ace25eba-7e9f-4f8f-a462-43de5e81e105_013.wav
636f9ef9-a036-422c-a96f-5376ded6119d,5fa9639d-bbef-4399-ad86-ab375259e4e4_002.wav
7ad3eabb-426e-49c2-b21d-7f59c4be8335,ace25eba-7e9f-4f8f-a462-43de5e81e105_007.wav
b345f39e-f571-41ab-9c00-4dc5feb4839c,c635b4a0-6d71-4a60-8630-c5c905db0775_007.wav
d100f3e2-0bf5-4fe5-bf83-87d2864b72af,6a3e310f-8af2-4a0a-a995-82847f3c767a_011.wav
bf8c8674-13fd-431b-a885-ec767caf530d,8ad721d0-f7e1-4724-9de1-751c2622dcc2_009.wav
fb949956-b8a9-442b-b862-ddc371d6054c,6a3e310f-8af2-4a0a-a995-82847f3c767a_005.wav
6b09cee5-4b08-4921-9801-f77187f05e6f,bda6d1ef-e1a3-436a-9d0e-00f52e37f46a_022.wav
3900bdf1-cd19-4efb-8bfc-576351713f56,c0f4cff7-a9f0-4135-9c84-779e861309aa_011.wav
44094dd5-68f0-4728-b5c4-54638c066d7c,86ed96db-9742-4510-8225-0d44054cd0d4_005.wav
65247cd3-6507-481b-b5cc-f6c040685a02,2c856450-0d6e-4372-8221-f37a8a2bf5a9_012.wav
9c57981a-6128-4a3f-ad66-cc7759cbfc3d,5081475b-a731-446c-87d2-6d5c31289a33_003.wav
e2bb8019-f78d-4696-8ae0-7f840de6a3d8,2c856450-0d6e-4372-8221-f37a8a2bf5a9_006.wav
76f25a50-ce1d-4227-bc5c-268a848d7453,86ed96db-9742-4510-8225-0d44054cd0d4_011.wav
62f41b83-f407-4336-a38e-0f544cbe8116,c0f4cff7-a9f0-4135-9c84-779e861309aa_005.wav
e26206e0-d116-4f6a-98f2-d549167f124e,8c6ce126-5417-4950-8ea2-1d19b9b48b8d_022.wav
e5e1f6c2-a5ee-4bed-8a2f-dcb83c30be6f,f4deae44-6b88-4c28-b27d-fcac021f99ca_026.wav
f444fd11-fc6a-491d-909e-0708219a0a9d,f44e3e22-e45d-4193-911d-f39497f2ed10_000.wav
6c6be9df-3ceb-4c3c-9978-1ff201b662d5,d033299f-1579-49cd-977f-3e8bf8e2a336_005.wav
c08046bb-bcbc-4c98-ba15-71df6d12df2e,d033299f-1579-49cd-977f-3e8bf8e2a336_011.wav
caed4eee-3efe-418e-ad43-8e975f65a257,da0c6b13-77ff-41d4-818f-ca05bea1a8c5_000.wav
63bd7d1a-6119-4ac2-a517-907ece4b3c27,6cd24d74-3804-4502-b453-6ea9e1e76547_016.wav
7fc035a8-ee1c-4e24-a302-c00449d3765b,6cd24d74-3804-4502-b453-6ea9e1e76547_002.wav
d9aadfc6-3f05-4c94-9c4e-6f2eb6952eb7,cfd2749c-e693-415d-a77d-4dfaaa5665e6_001.wav
a9576068-1d9a-4d6a-bc65-ea748792b8fe,e3629402-541e-4baa-bb77-cc1beee613e1_002.wav
1b69ba6e-f9d1-4f55-a8c2-fcee0c2f0975,0a744395-5ff5-4e8b-8a43-39c84b738313_003.wav
a28d7dbc-4763-456a-b42f-faf86b37b091,b3b3e1b2-bd36-40d1-ac21-3c8c140d9e67_008.wav
76b18ede-1b4e-447e-94e7-c926921f8fa7,7ba8e381-84d4-4c27-905e-9732eda463a5_019.wav
9e5a8b25-6ad0-485f-883f-d5347c5dd6d5,8bbfa9a3-bc15-4cf9-b362-03ef2e8ad5ad_022.wav
f3bbf3ef-b9e2-4e9d-b108-209fb6708673,62c203a3-5d1d-4b15-ad3a-6dbbb64bc69f_003.wav
930cffa4-2c59-4cea-9158-e3dfc263947c,8bbfa9a3-bc15-4cf9-b362-03ef2e8ad5ad_036.wav
a333d2d1-9961-471c-b222-1b7d6711da36,d131c113-ffa1-429c-9a1c-340fa8235f41_005.wav
4e032936-3927-4c02-bb2a-99e9a82d5d48,f45da22e-fd72-4bbe-aa03-0510836a7459_002.wav
2fbe4582-346d-4c6a-9202-88d8f3077125,13c1892d-14d0-46a8-9a8d-0cc48bc645f2_008.wav
b857bda4-5843-4b5c-86fb-43ef936b2da6,8bbfa9a3-bc15-4cf9-b362-03ef2e8ad5ad_008.wav
8fecccc7-a364-439c-bfa7-41ecdf9567c4,f45da22e-fd72-4bbe-aa03-0510836a7459_000.wav
92cafee1-c91e-4788-aa92-8dded696e7ad,62c203a3-5d1d-4b15-ad3a-6dbbb64bc69f_001.wav
4bde8518-c022-41e0-861f-a7d3688b941e,8bbfa9a3-bc15-4cf9-b362-03ef2e8ad5ad_020.wav
4cc427d5-a72f-4e21-a15a-9a9c101090bd,8bbfa9a3-bc15-4cf9-b362-03ef2e8ad5ad_034.wav
e0a73578-27e0-4f56-87b0-f3ec7c391ad0,62c203a3-5d1d-4b15-ad3a-6dbbb64bc69f_015.wav
4fd17697-6e0c-4c49-a165-d71ac2758380,0e896474-c6f5-4ad5-a788-00d8fc96fe4c_008.wav
a3325804-6b76-4cb2-94b9-312a4d4101b6,0a744395-5ff5-4e8b-8a43-39c84b738313_001.wav
3260fd90-6a76-4172-9178-b8e7a73b4411,e3629402-541e-4baa-bb77-cc1beee613e1_000.wav
725a6344-80b5-4b4e-b2ef-eb3d182d8c26,1a1293a2-cde3-4a88-a0b9-5fecd6d7f3f3_008.wav
563628cd-6cb8-498f-b7e5-1f7c9ef074f0,6cd24d74-3804-4502-b453-6ea9e1e76547_014.wav
7975e649-5901-46df-bd60-a1fa7b20f4d9,6cd24d74-3804-4502-b453-6ea9e1e76547_000.wav
4f1e767c-ff1d-4a80-a344-be961f99ae59,dede4efd-a8c8-4085-978f-17557d321423_008.wav
ad532974-f2db-478c-bfb3-ab4b16a41192,da0c6b13-77ff-41d4-818f-ca05bea1a8c5_002.wav
5b436ed9-645f-41ad-b717-605306da141a,f4deae44-6b88-4c28-b27d-fcac021f99ca_018.wav
f66eb4d7-680d-439b-9c45-2fa3f5f5c9e0,935ded14-29bd-4ce2-bada-91ce7983305d_019.wav
464e6321-c6d6-4c25-af9f-07625bf75e94,d033299f-1579-49cd-977f-3e8bf8e2a336_007.wav
7fb1ce50-41d1-4c36-8e00-8d649f8b0194,f44e3e22-e45d-4193-911d-f39497f2ed10_002.wav
a93b92e4-7a9f-4d07-83d9-570c633a13fc,f4deae44-6b88-4c28-b27d-fcac021f99ca_024.wav
61549af5-ae3d-4d4f-aaf1-8fd9f9026a7a,f4deae44-6b88-4c28-b27d-fcac021f99ca_030.wav
9efb7755-79d6-4901-9a1a-6f4ab9f8d112,d033299f-1579-49cd-977f-3e8bf8e2a336_013.wav
3b3baf56-7632-4c6f-9d60-d716e7f496b8,8c6ce126-5417-4950-8ea2-1d19b9b48b8d_020.wav
9cca5b61-828d-4eec-81ff-9255eb4bded7,8c6ce126-5417-4950-8ea2-1d19b9b48b8d_008.wav
3568a6b4-43a2-4da5-b5bb-7369c8c0b2b3,2c856450-0d6e-4372-8221-f37a8a2bf5a9_010.wav
8edcaf78-5014-44b8-90de-eaeb8f376f59,86ed96db-9742-4510-8225-0d44054cd0d4_007.wav
54fb5d2f-6307-422f-8d3f-9500e92770a4,c0f4cff7-a9f0-4135-9c84-779e861309aa_013.wav
0a87c5c0-859f-4260-aaec-9c839dc268a3,c0f4cff7-a9f0-4135-9c84-779e861309aa_007.wav
1cd084e4-8150-4133-ba76-bf1a377578f8,2c856450-0d6e-4372-8221-f37a8a2bf5a9_004.wav
1731949a-93d6-4814-b36c-2bb23d4c209d,5081475b-a731-446c-87d2-6d5c31289a33_001.wav
0389e1c1-c710-425a-92de-c3e4751f1e76,bda6d1ef-e1a3-436a-9d0e-00f52e37f46a_020.wav
67270fcd-8fcd-443a-9cd0-f87f88de6181,6a3e310f-8af2-4a0a-a995-82847f3c767a_013.wav
92afcc74-14cd-4d10-9be2-c0bccc030982,6a3e310f-8af2-4a0a-a995-82847f3c767a_007.wav
efad6d78-7d87-41d0-ad85-1d0168b91163,bda6d1ef-e1a3-436a-9d0e-00f52e37f46a_008.wav
c91ea962-7310-4605-9755-6cd16e219ace,ace25eba-7e9f-4f8f-a462-43de5e81e105_011.wav
0e10836f-f43a-49e3-b12c-2177ef3422f0,ce28ba63-802e-4dfb-a002-6e62674adaa9_000.wav
4947cbf9-f71e-405c-a38a-f5a941916828,5b430040-55ab-4a0e-8ca4-d19163c88c38_000.wav
3dc33e8c-b44c-44d0-b6fc-5337059474fd,c635b4a0-6d71-4a60-8630-c5c905db0775_005.wav
71983c9a-f9ae-4d1c-88b7-cf9062d4ce91,ace25eba-7e9f-4f8f-a462-43de5e81e105_005.wav
9d6e6917-69f1-4f43-aa84-767bd836657b,f4c2efd5-59fd-473c-ab56-a43b614db3fa_008.wav
1763fc60-3de9-473c-8ed2-7a1081773379,5fa9639d-bbef-4399-ad86-ab375259e4e4_000.wav
812e64f1-705d-46b5-ada0-73528956fa4e,c2f7aad0-0bb9-4433-9a54-55532ad8fdec_002.wav
6d99ae53-9ec4-45d9-a095-e56464ca21e0,c2f7aad0-0bb9-4433-9a54-55532ad8fdec_003.wav
32380bc5-382e-4e3c-b4a5-ca2cef6ea8fc,c635b4a0-6d71-4a60-8630-c5c905db0775_004.wav
553120bc-b171-40d4-971f-791e3c0c99af,5fa9639d-bbef-4399-ad86-ab375259e4e4_001.wav
ff570039-ca3c-412c-974b-8666b47d626c,ace25eba-7e9f-4f8f-a462-43de5e81e105_004.wav
52acbd8a-e3fe-499c-b874-91aa9c336822,5b430040-55ab-4a0e-8ca4-d19163c88c38_001.wav
8b41a57d-0c25-4a85-9996-e0d245ca81f2,ce28ba63-802e-4dfb-a002-6e62674adaa9_001.wav
662a4ec2-5c3b-45a4-9de3-a5ea317a4c6d,ace25eba-7e9f-4f8f-a462-43de5e81e105_010.wav
1d4254a6-efa4-4e71-a401-dbdd42c82f52,6a3e310f-8af2-4a0a-a995-82847f3c767a_006.wav
1c521be4-d05e-472b-a2b1-a324cfb10bcd,bda6d1ef-e1a3-436a-9d0e-00f52e37f46a_009.wav
f4cc5867-a001-41e6-98a1-2ff586ef5dba,6a3e310f-8af2-4a0a-a995-82847f3c767a_012.wav
0853c17f-6005-49e9-b98a-cce6fffe69f8,bda6d1ef-e1a3-436a-9d0e-00f52e37f46a_021.wav
075eae40-1898-4d70-a386-944926ee1651,86ed96db-9742-4510-8225-0d44054cd0d4_012.wav
2b1d8e27-8380-4959-9283-bf790bd64428,c0f4cff7-a9f0-4135-9c84-779e861309aa_006.wav
6459c77e-7d44-4a63-8110-52cfe5c43c58,5081475b-a731-446c-87d2-6d5c31289a33_000.wav
97ee876e-9d9b-41f9-880a-4eda16eab6fb,2c856450-0d6e-4372-8221-f37a8a2bf5a9_005.wav
84eaa1c8-4ced-43e6-b104-9d5dc6d8b021,2c856450-0d6e-4372-8221-f37a8a2bf5a9_011.wav
c5ade2e3-3cfb-45c7-8e62-5c2dcec501fd,8c6ce126-5417-4950-8ea2-1d19b9b48b8d_009.wav
9b3e82d3-d9bc-41c7-86d7-2a685eaf8da5,c0f4cff7-a9f0-4135-9c84-779e861309aa_012.wav
404e0236-c287-4b8d-b324-00970ae5e0b3,86ed96db-9742-4510-8225-0d44054cd0d4_006.wav
48696842-4bae-42f9-b043-c9adca7432c1,8c6ce126-5417-4950-8ea2-1d19b9b48b8d_021.wav
820c5614-1bc6-4026-a626-bb60ea7e4bb9,f4deae44-6b88-4c28-b27d-fcac021f99ca_031.wav
d08f71e6-21c8-474a-aff3-d304e8f5b7a1,d033299f-1579-49cd-977f-3e8bf8e2a336_012.wav
7148ac1c-195a-4a00-8da5-df8f2e208207,d033299f-1579-49cd-977f-3e8bf8e2a336_006.wav
d03ab8e1-b325-496a-ad9b-247fcecf7506,935ded14-29bd-4ce2-bada-91ce7983305d_018.wav
f89fb93c-b894-4421-8010-7676fb9f7668,f4deae44-6b88-4c28-b27d-fcac021f99ca_025.wav
4ae764f2-fcf7-48eb-aa51-092d301fe876,f44e3e22-e45d-4193-911d-f39497f2ed10_003.wav
a4cdc013-f0a9-4feb-b946-d8e326c324c7,f4deae44-6b88-4c28-b27d-fcac021f99ca_019.wav
654169ce-7d67-4980-8cdd-4cdcaa43e593,da0c6b13-77ff-41d4-818f-ca05bea1a8c5_003.wav
a0e84568-716c-4235-818b-1aa2c17720bd,dede4efd-a8c8-4085-978f-17557d321423_009.wav
5902cd77-ce3e-468f-8765-a401163811d5,6cd24d74-3804-4502-b453-6ea9e1e76547_001.wav
c7789e5d-a1a6-4a26-b619-0ccce71ad26b,1a1293a2-cde3-4a88-a0b9-5fecd6d7f3f3_009.wav
574d10b5-8468-41e0-9d35-6cf14e9b2bff,6cd24d74-3804-4502-b453-6ea9e1e76547_015.wav
b81f039e-5043-4f0c-98f0-773882d27a32,e3629402-541e-4baa-bb77-cc1beee613e1_001.wav
b8800f07-2c83-4980-aa08-c33bc3c827c2,cfd2749c-e693-415d-a77d-4dfaaa5665e6_002.wav
40310f20-b80e-4dd0-addd-83c881cc84a5,0e896474-c6f5-4ad5-a788-00d8fc96fe4c_009.wav
1b3b6d2a-94cc-4e59-949a-2141834b635f,0a744395-5ff5-4e8b-8a43-39c84b738313_000.wav
3455790e-2d59-4326-a7ca-aadc38991cc5,8bbfa9a3-bc15-4cf9-b362-03ef2e8ad5ad_035.wav
42d1cb33-0524-4216-9d4b-6a8198454778,62c203a3-5d1d-4b15-ad3a-6dbbb64bc69f_014.wav
2f7a98e5-4ee3-4ed9-8144-9a4720628f1a,62c203a3-5d1d-4b15-ad3a-6dbbb64bc69f_000.wav
386c34af-19eb-4be7-9dac-e565bc8292e2,8bbfa9a3-bc15-4cf9-b362-03ef2e8ad5ad_021.wav
7224bcf0-cf44-48f6-9e06-202207b47ce5,f45da22e-fd72-4bbe-aa03-0510836a7459_001.wav
aa0a13fb-f59d-43bc-b212-e0e271d887cb,8bbfa9a3-bc15-4cf9-b362-03ef2e8ad5ad_009.wav
e391fc21-9586-42ba-8473-16728108bb01,13c1892d-14d0-46a8-9a8d-0cc48bc645f2_009.wav
db245b0c-f0e2-4150-8a93-97d4cb74d80d,d131c113-ffa1-429c-9a1c-340fa8235f41_006.wav
1b2e8902-0581-445c-91f1-a013bfb1b957,8bbfa9a3-bc15-4cf9-b362-03ef2e8ad5ad_025.wav
4039b4c0-01b0-4635-a2e1-7e9a642aa5c4,62c203a3-5d1d-4b15-ad3a-6dbbb64bc69f_004.wav
a940f201-80e0-49f0-a0d8-47af55a0bffc,62c203a3-5d1d-4b15-ad3a-6dbbb64bc69f_010.wav
91bf5760-a49a-4564-b397-fb4ee16cd7f0,8bbfa9a3-bc15-4cf9-b362-03ef2e8ad5ad_031.wav
bb636082-8aa0-46c5-9b3e-38e7350d1e4e,d131c113-ffa1-429c-9a1c-340fa8235f41_002.wav
4233e21a-4e37-4326-9fce-2b3b1425a81a,8bbfa9a3-bc15-4cf9-b362-03ef2e8ad5ad_019.wav
bf4c07ee-f43b-4f68-a452-e3a47bdb7011,f45da22e-fd72-4bbe-aa03-0510836a7459_005.wav
8be7133d-3674-4f72-ae3e-736d4db075c5,e3629402-541e-4baa-bb77-cc1beee613e1_005.wav
9a692862-423f-4d7b-b121-9d2fa9ca13ce,6cd24d74-3804-4502-b453-6ea9e1e76547_011.wav
1095a9ee-84f1-4b8f-9915-653f7cf7c10b,6cd24d74-3804-4502-b453-6ea9e1e76547_005.wav
18af618c-75ec-40cc-b49e-608f4c228a9a,f4deae44-6b88-4c28-b27d-fcac021f99ca_021.wav
bde19cfe-8649-454d-886f-210875421a75,d033299f-1579-49cd-977f-3e8bf8e2a336_002.wav
4454109a-7445-4801-a5c9-9f641c98e53e,d033299f-1579-49cd-977f-3e8bf8e2a336_016.wav
51d64ee4-fa69-4103-8dac-2dd50ee717fa,935ded14-29bd-4ce2-bada-91ce7983305d_008.wav
a1435a26-e305-4b61-a2c8-633d1437bcc4,f4deae44-6b88-4c28-b27d-fcac021f99ca_009.wav
5d199f8c-0758-4083-9961-f48d0b67018a,86ed96db-9742-4510-8225-0d44054cd0d4_002.wav
a01c630e-3e0b-4c52-a6fa-29fe7f037910,2c856450-0d6e-4372-8221-f37a8a2bf5a9_015.wav
ebb77f69-6f91-4cbd-889e-9ba5d60f8c4b,2c856450-0d6e-4372-8221-f37a8a2bf5a9_001.wav
5d05822b-44f1-4483-bb56-f13244709e69,8c6ce126-5417-4950-8ea2-1d19b9b48b8d_019.wav
ccfc58f4-0213-4a57-9dfc-acffdfc33dd8,5081475b-a731-446c-87d2-6d5c31289a33_004.wav
019810fb-d0c0-4127-a8f3-61a1848aab96,d50ceadb-8356-4c0c-b47f-f52c02672d2f_009.wav
efb4f0d2-dcb4-4f40-b741-e77d392f9344,c0f4cff7-a9f0-4135-9c84-779e861309aa_002.wav
0e5da66f-dbea-468c-b4a2-3863ccd89bab,6a3e310f-8af2-4a0a-a995-82847f3c767a_016.wav
9b8ca5ab-359d-43c8-abf6-4e0ac5f7dfb7,bda6d1ef-e1a3-436a-9d0e-00f52e37f46a_019.wav
d5fd898d-c894-4ece-bccf-af0e80085aa1,6a3e310f-8af2-4a0a-a995-82847f3c767a_002.wav
15ece98b-f7b7-4a93-922b-d7571fd14a83,bda6d1ef-e1a3-436a-9d0e-00f52e37f46a_025.wav
724a2848-ecb2-4ae8-a94b-fd2225634b2e,7cd8a469-4f3d-4cda-ba21-a363ed194ac0_001.wav
50aa9742-48b2-4a85-8089-e8dd0e604eaf,f4c10be5-1029-4829-81ff-ff838e875cc2_008.wav
df6c1c94-3976-4784-910a-8512215ae330,c2f7aad0-0bb9-4433-9a54-55532ad8fdec_013.wav
a959ff4c-5870-4508-85ff-70b250f95861,c2f7aad0-0bb9-4433-9a54-55532ad8fdec_007.wav
06fd5755-d2d0-4583-b3e5-2a6cce6b1d34,11afa18d-678a-47f9-8990-7ed8e1d53be4_023.wav
84d1b0d2-1c2d-44f2-9d47-3bb57a1e6df3,ace25eba-7e9f-4f8f-a462-43de5e81e105_014.wav
c4288195-90b0-4636-95ff-bf09f953d3fc,5b430040-55ab-4a0e-8ca4-d19163c88c38_005.wav
5e48eeba-cda5-44f3-a858-ac1f3ae1f68b,ace25eba-7e9f-4f8f-a462-43de5e81e105_000.wav
08c5ea6c-5f2e-4a8b-b61c-af784c3f23d3,5fa9639d-bbef-4399-ad86-ab375259e4e4_005.wav
482e9092-8e16-421c-af0b-5d6a243686b1,c635b4a0-6d71-4a60-8630-c5c905db0775_000.wav
ee77d1d4-b7f8-449f-974b-c518f997025d,5fa9639d-bbef-4399-ad86-ab375259e4e4_004.wav
7df5cb01-ea2f-4633-8088-cdcb059b1a7a,ace25eba-7e9f-4f8f-a462-43de5e81e105_001.wav
b337243a-a21d-49db-8991-3f41101e55ed,c635b4a0-6d71-4a60-8630-c5c905db0775_001.wav
65964548-9f36-4654-a2fc-986ef99b78a9,11afa18d-678a-47f9-8990-7ed8e1d53be4_022.wav
a443f6ba-8371-4aa1-be79-a2c301ba71d3,5b430040-55ab-4a0e-8ca4-d19163c88c38_004.wav
86990928-92ad-4d87-ae3c-115b52034eed,5fa9639d-bbef-4399-ad86-ab375259e4e4_010.wav
ab185d21-b331-45eb-9aeb-ec1336448469,ce28ba63-802e-4dfb-a002-6e62674adaa9_004.wav
bef7b22e-606b-4f1c-93d2-360533cf730f,c2f7aad0-0bb9-4433-9a54-55532ad8fdec_006.wav
ce1ac0dd-f07a-43a7-a24d-ff2e1db1fe1a,f4c10be5-1029-4829-81ff-ff838e875cc2_009.wav
8767f7b5-f6f9-4bd2-85bd-5f6c5dee9a12,c2f7aad0-0bb9-4433-9a54-55532ad8fdec_012.wav
3aa8dcd8-5020-467f-b919-0e6b1ef7be9c,7cd8a469-4f3d-4cda-ba21-a363ed194ac0_000.wav
f405688e-b13e-4c8b-a628-e60643230c7f,bda6d1ef-e1a3-436a-9d0e-00f52e37f46a_024.wav
e78ee98a-4c24-4178-8f0e-d16e6134bdee,6a3e310f-8af2-4a0a-a995-82847f3c767a_003.wav
4b51bc7c-f050-4ac7-a87f-a8cde20aa48b,6a3e310f-8af2-4a0a-a995-82847f3c767a_017.wav
3dbace19-082e-4349-adc2-f8ac1d827aba,bda6d1ef-e1a3-436a-9d0e-00f52e37f46a_018.wav
f25d25c5-369c-4361-85ce-05f12c149779,5081475b-a731-446c-87d2-6d5c31289a33_005.wav
994db488-0776-41a1-bf2b-5f1006286de1,8c6ce126-5417-4950-8ea2-1d19b9b48b8d_018.wav
810bc68d-096b-4825-8a50-21f6748bd0e0,2c856450-0d6e-4372-8221-f37a8a2bf5a9_000.wav
49745444-7e14-497e-8831-a9944b5da86e,c0f4cff7-a9f0-4135-9c84-779e861309aa_003.wav
97135381-d69a-4062-9197-50fa4a2067aa,d50ceadb-8356-4c0c-b47f-f52c02672d2f_008.wav
7df432f6-fed2-46ff-b599-8e68572a6bee,86ed96db-9742-4510-8225-0d44054cd0d4_003.wav
dd25dcab-b374-45c1-ae81-245689326f7e,2c856450-0d6e-4372-8221-f37a8a2bf5a9_014.wav
ef6c1e10-aac3-4778-bb61-2f533d65069f,f4deae44-6b88-4c28-b27d-fcac021f99ca_008.wav
6e34cea4-491a-4ce3-93bd-0270af817edd,935ded14-29bd-4ce2-bada-91ce7983305d_009.wav
487055bd-3301-420b-b50a-6f29312ecc7b,d033299f-1579-49cd-977f-3e8bf8e2a336_017.wav
b9ee1bab-bc42-4b76-91e3-5797be9d538c,f4deae44-6b88-4c28-b27d-fcac021f99ca_020.wav
31f027cc-a4fd-42d0-8984-a94294a1a334,d033299f-1579-49cd-977f-3e8bf8e2a336_003.wav
eebce380-355e-4d21-88cf-3f7d70841f7d,6cd24d74-3804-4502-b453-6ea9e1e76547_004.wav
07b0934c-d627-43ad-91a3-5de0f51fdfce,6cd24d74-3804-4502-b453-6ea9e1e76547_010.wav
96ea4c37-164b-4949-89b4-435fce861470,e3629402-541e-4baa-bb77-cc1beee613e1_004.wav
1d1d1f51-548c-4d36-a3b4-8e30ece1fc2a,e3629402-541e-4baa-bb77-cc1beee613e1_010.wav
2caea25a-20bd-4e3b-81ee-58d986bba134,f45da22e-fd72-4bbe-aa03-0510836a7459_004.wav
b060304f-b925-4f2c-a3c8-2cbf2d9fb218,8bbfa9a3-bc15-4cf9-b362-03ef2e8ad5ad_018.wav
82dce880-e1da-433f-a63f-09cb0ece3bd0,d131c113-ffa1-429c-9a1c-340fa8235f41_003.wav
9b7f3f55-6fee-4410-95b2-8feda902a872,62c203a3-5d1d-4b15-ad3a-6dbbb64bc69f_011.wav
592c69e9-ec3f-44d0-9139-db5ce887a2d5,8bbfa9a3-bc15-4cf9-b362-03ef2e8ad5ad_030.wav
59b7dc86-2d1b-480c-adb1-e1e35236340c,8bbfa9a3-bc15-4cf9-b362-03ef2e8ad5ad_024.wav
2f1f33a6-0657-4a34-932a-a0faf3f24961,62c203a3-5d1d-4b15-ad3a-6dbbb64bc69f_005.wav
837fc5a9-84ee-4fad-a294-e289d38fb32f,8bbfa9a3-bc15-4cf9-b362-03ef2e8ad5ad_032.wav
a373ef3a-41c7-43d7-be91-7a6d024e3ded,62c203a3-5d1d-4b15-ad3a-6dbbb64bc69f_013.wav
d1decb15-5d4d-47ad-908b-9bc6fb33e75f,62c203a3-5d1d-4b15-ad3a-6dbbb64bc69f_007.wav
4b253e87-40df-4fa6-b91c-b130cbc3f55b,8bbfa9a3-bc15-4cf9-b362-03ef2e8ad5ad_026.wav
4a9fab1b-dcc1-4626-8db5-a12ae268413d,f45da22e-fd72-4bbe-aa03-0510836a7459_006.wav
f6f558ea-c253-4eb9-85ab-d8d2edb05e24,d131c113-ffa1-429c-9a1c-340fa8235f41_001.wav
f1e1cc32-9e05-4b93-b5d8-b2dc053bff61,7ba8e381-84d4-4c27-905e-9732eda463a5_009.wav
bb6cd7f2-1727-42fc-a95d-03565eac26a5,e3629402-541e-4baa-bb77-cc1beee613e1_006.wav
8f2613fb-e64f-42c1-9418-35aa5e809fcf,d2de73c0-d350-4bcf-8a6d-acb673766dda_008.wav
7e79fc2e-5288-42d4-90cf-2b9bde3d7a5f,6cd24d74-3804-4502-b453-6ea9e1e76547_006.wav
06adcb2b-0812-414c-9f13-6b61f40c257a,6cd24d74-3804-4502-b453-6ea9e1e76547_012.wav
4fdf0e07-d1eb-406d-bfe8-1ab30235fb64,b34e5529-222a-4e79-b3bb-1824efff4ab9_000.wav
80edc3c6-2037-4516-a6f4-cbe5f65adaa9,d033299f-1579-49cd-977f-3e8bf8e2a336_015.wav
b647d2a8-94a0-4a90-b0cc-8bb41784aa2c,d033299f-1579-49cd-977f-3e8bf8e2a336_001.wav
8e700251-281c-4d37-afb7-536e2d89ebe0,f4deae44-6b88-4c28-b27d-fcac021f99ca_022.wav
de762ea0-bbd3-43a5-b688-aeaba9e12ab3,d033299f-1579-49cd-977f-3e8bf8e2a336_029.wav
ea066619-c6e1-40ad-8776-b08b122a296d,da0c6b13-77ff-41d4-818f-ca05bea1a8c5_004.wav
9408cf85-1a4a-47e3-96a3-50092c8bdc90,72162576-86e3-4778-937f-cf7f8e352659_009.wav
fb55f5aa-4404-4e82-bfdc-87173e7ebc86,c0f4cff7-a9f0-4135-9c84-779e861309aa_001.wav
a9ffa0af-d2ab-4c26-a0e4-21fabedf6c00,2c856450-0d6e-4372-8221-f37a8a2bf5a9_002.wav
3babbe84-ecd4-4749-aeb0-899586617716,2c856450-0d6e-4372-8221-f37a8a2bf5a9_016.wav
d7a045e8-64fe-4063-8fb3-39fb72d5ce38,86ed96db-9742-4510-8225-0d44054cd0d4_001.wav
cea120db-41c2-4caf-b084-e0ba6a292d44,6a3e310f-8af2-4a0a-a995-82847f3c767a_001.wav
d7f9aefc-cf76-4087-b77f-2d70bbc15061,6a3e310f-8af2-4a0a-a995-82847f3c767a_015.wav
c225d542-0944-461e-841b-9bd4df246513,bda6d1ef-e1a3-436a-9d0e-00f52e37f46a_026.wav
b677cfd4-f91d-4ebe-8f69-0d15ae34848b,67b093dc-4b2d-4776-94ae-cc338a9b64b9_009.wav
730e1a68-dca9-4261-a232-3b70acf6c075,11afa18d-678a-47f9-8990-7ed8e1d53be4_008.wav
cdec3b28-86dc-4ab1-a86e-6f772030cd27,c2f7aad0-0bb9-4433-9a54-55532ad8fdec_004.wav
686e0794-6b67-48b7-acdd-13638e027a2f,c2f7aad0-0bb9-4433-9a54-55532ad8fdec_010.wav
ce831a63-7669-4ca8-933c-fd1d2e453607,c635b4a0-6d71-4a60-8630-c5c905db0775_003.wav
766030d1-d293-4c80-ba50-08ad6351939d,ace25eba-7e9f-4f8f-a462-43de5e81e105_003.wav
1144c384-33ee-44f9-89c3-c2293d5dce00,5fa9639d-bbef-4399-ad86-ab375259e4e4_006.wav
8c9c4398-78af-4d72-b9d6-11e6a62a78bc,5b430040-55ab-4a0e-8ca4-d19163c88c38_006.wav
4a417870-2770-4bc6-a7df-f00ec1ea9470,11afa18d-678a-47f9-8990-7ed8e1d53be4_020.wav
f339d9c0-246f-45b4-97c5-e84b20a3093c,11afa18d-678a-47f9-8990-7ed8e1d53be4_021.wav
ea32ad5f-3ee2-4cb2-8dd4-d27bf877d9c3,c635b4a0-6d71-4a60-8630-c5c905db0775_002.wav
4484ef01-57f9-4a1c-a4bd-b16d738e3e2d,5fa9639d-bbef-4399-ad86-ab375259e4e4_007.wav
8be3e1ca-fb53-4d18-8980-58632fdfa674,ace25eba-7e9f-4f8f-a462-43de5e81e105_002.wav
e15b0988-28ca-4d40-a445-cb5d85ff9cd0,c2f7aad0-0bb9-4433-9a54-55532ad8fdec_011.wav
6d8a9884-8bf0-48fe-ae37-758e7d8457b7,11afa18d-678a-47f9-8990-7ed8e1d53be4_009.wav
47e51936-8f89-4dca-84f6-80c8de20a79e,67b093dc-4b2d-4776-94ae-cc338a9b64b9_008.wav
448285ab-1e80-439a-8c01-4dc6141cbff6,c2f7aad0-0bb9-4433-9a54-55532ad8fdec_005.wav
20c37afc-3b4c-4e6b-b557-8198e7f2edb2,bda6d1ef-e1a3-436a-9d0e-00f52e37f46a_027.wav
b77c1ed8-2e72-4d28-8825-e640a5001eb4,6a3e310f-8af2-4a0a-a995-82847f3c767a_014.wav
f8545a23-824c-477c-a62f-c92a4dfc572f,6a3e310f-8af2-4a0a-a995-82847f3c767a_000.wav
da77d360-0224-4987-b680-a5711c45a882,2c856450-0d6e-4372-8221-f37a8a2bf5a9_017.wav
e163fc2b-6755-44fb-a7c8-a06becca81cf,c0f4cff7-a9f0-4135-9c84-779e861309aa_014.wav
864d1101-7e5f-4a01-9847-7c5c834d0ddf,86ed96db-9742-4510-8225-0d44054cd0d4_000.wav
d8990631-5489-4490-ae71-c36c3033c3fe,c0f4cff7-a9f0-4135-9c84-779e861309aa_000.wav
0a4dd923-de96-4957-8a9a-29eb337960ce,72162576-86e3-4778-937f-cf7f8e352659_008.wav
08b990b0-c4f2-4811-a7da-cffd2a1b5a0b,2c856450-0d6e-4372-8221-f37a8a2bf5a9_003.wav
e911d0c4-95e3-4c19-8ff9-3910f606fad6,d033299f-1579-49cd-977f-3e8bf8e2a336_028.wav
61d32e2c-765c-4393-9020-a3ac3032bbde,d033299f-1579-49cd-977f-3e8bf8e2a336_000.wav
9ea9f0ff-8bca-41e0-9201-46d7a1168a53,f4deae44-6b88-4c28-b27d-fcac021f99ca_023.wav
d4c38b70-07d3-4e0b-9772-a243fbe39fcc,b34e5529-222a-4e79-b3bb-1824efff4ab9_001.wav
a642a34c-39d1-4ee5-bf09-a2fac2f3b153,d033299f-1579-49cd-977f-3e8bf8e2a336_014.wav
c1a3a01d-a130-46ad-8a1e-b25b3a8367da,6cd24d74-3804-4502-b453-6ea9e1e76547_013.wav
c9460262-54e5-4f5a-bf62-2054ab43c5ce,6cd24d74-3804-4502-b453-6ea9e1e76547_007.wav
3506c000-6f3c-4a5c-92ed-b11d7d3587fe,d2de73c0-d350-4bcf-8a6d-acb673766dda_009.wav
dbddb52a-c3c6-4ad5-9ccd-605a2ecdf03a,e3629402-541e-4baa-bb77-cc1beee613e1_007.wav
f0cc67ba-3c1f-454b-836e-feb590dfee4b,7ba8e381-84d4-4c27-905e-9732eda463a5_008.wav
63099eeb-994d-4fcb-ae65-3b59126d8e35,d131c113-ffa1-429c-9a1c-340fa8235f41_000.wav
ed408a22-f9cc-49a6-9bdd-77ace9ecdd99,f45da22e-fd72-4bbe-aa03-0510836a7459_007.wav
83372ded-de28-4c90-9f35-d472d7de4790,62c203a3-5d1d-4b15-ad3a-6dbbb64bc69f_006.wav
acdc5baa-d7d4-453f-bbb9-2950ead79fa1,8bbfa9a3-bc15-4cf9-b362-03ef2e8ad5ad_027.wav
283502dc-cb19-4afe-83d9-d54f85d76897,8bbfa9a3-bc15-4cf9-b362-03ef2e8ad5ad_033.wav
555f9b0f-3b83-4825-8807-56be7a396e0e,62c203a3-5d1d-4b15-ad3a-6dbbb64bc69f_012.wav
